name,stoichiometry,ligand,seed,confidence_score,ptm,iptm,ligand_iptm,protein_iptm,complex_plddt,n_protein_chains,n_ligand_chains
boltz_results_a9a10_2to3_ACETATE_ANION_s101,a9a10_2to3,ACETATE_ANION,s101,0.7403279542922974,0.7187429070472717,0.6992334723472595,0.2582453489303589,0.7002297639846802,0.7506015300750732,0,0
boltz_results_a9a10_2to3_ACETATE_ANION_s101,a9a10_2to3,ACETATE_ANION,s101,0.7377824783325195,0.7217869758605957,0.703254222869873,0.24369676411151886,0.7043048739433289,0.7464145421981812,0,0
boltz_results_a9a10_2to3_ACETATE_ANION_s101,a9a10_2to3,ACETATE_ANION,s101,0.7293750643730164,0.7040013670921326,0.6813788414001465,0.3485097289085388,0.6822616457939148,0.741374135017395,0,0
boltz_results_a9a10_2to3_ACETATE_ANION_s202,a9a10_2to3,ACETATE_ANION,s202,0.7405503392219543,0.718556821346283,0.7003558278083801,0.3385433256626129,0.7012856006622314,0.7505989670753479,0,0
boltz_results_a9a10_2to3_ACETATE_ANION_s202,a9a10_2to3,ACETATE_ANION,s202,0.7387329339981079,0.7215180397033691,0.7019830346107483,0.2490820437669754,0.7030078172683716,0.7479203939437866,0,0
boltz_results_a9a10_2to3_ACETATE_ANION_s202,a9a10_2to3,ACETATE_ANION,s202,0.7347456812858582,0.711753249168396,0.6910095810890198,0.2538354694843292,0.6920148134231567,0.7456797361373901,0,0
boltz_results_a9a10_2to3_ACETATE_ANION_s303,a9a10_2to3,ACETATE_ANION,s303,0.7384894490242004,0.7190245389938354,0.6997268795967102,0.2536064386367798,0.7007423043251038,0.748180091381073,0,0
boltz_results_a9a10_2to3_ACETATE_ANION_s303,a9a10_2to3,ACETATE_ANION,s303,0.7372170090675354,0.7094461917877197,0.6912644505500793,0.28586819767951965,0.6922017335891724,0.7487051486968994,0,0
boltz_results_a9a10_2to3_ACETATE_ANION_s303,a9a10_2to3,ACETATE_ANION,s303,0.7305473685264587,0.703944742679596,0.6814433932304382,0.259255051612854,0.6824373602867126,0.7428233027458191,0,0
boltz_results_a9a10_2to3_DASC_ANION_s101,a9a10_2to3,DASC_ANION,s101,0.7440698742866516,0.7248159646987915,0.7053357362747192,0.39777496457099915,0.7077972888946533,0.7537534236907959,0,0
boltz_results_a9a10_2to3_DASC_ANION_s101,a9a10_2to3,DASC_ANION,s101,0.7404824495315552,0.731055736541748,0.7125629186630249,0.4086264967918396,0.7150862812995911,0.7474623322486877,0,0
boltz_results_a9a10_2to3_DASC_ANION_s101,a9a10_2to3,DASC_ANION,s101,0.7404505610466003,0.7176192998886108,0.7011206746101379,0.3254214823246002,0.7039708495140076,0.7502830624580383,0,0
boltz_results_a9a10_2to3_DASC_ANION_s202,a9a10_2to3,DASC_ANION,s202,0.7449524402618408,0.7246771454811096,0.7092587351799011,0.4039035141468048,0.7118577361106873,0.7538758516311646,0,0
boltz_results_a9a10_2to3_DASC_ANION_s202,a9a10_2to3,DASC_ANION,s202,0.741653561592102,0.7270317077636719,0.708519697189331,0.42020800709724426,0.7109533548355103,0.7499369978904724,0,0
boltz_results_a9a10_2to3_DASC_ANION_s202,a9a10_2to3,DASC_ANION,s202,0.7366620898246765,0.7121084928512573,0.6925260424613953,0.39628124237060547,0.6949988007545471,0.7476961016654968,0,0
boltz_results_a9a10_2to3_DASC_ANION_s303,a9a10_2to3,DASC_ANION,s303,0.7435936331748962,0.716835618019104,0.6986232995986938,0.44616588950157166,0.7010048627853394,0.7548362016677856,0,0
boltz_results_a9a10_2to3_DASC_ANION_s303,a9a10_2to3,DASC_ANION,s303,0.7413732409477234,0.7247626781463623,0.7059695720672607,0.43374037742614746,0.7082542777061462,0.7502241730690002,0,0
boltz_results_a9a10_2to3_DASC_ANION_s303,a9a10_2to3,DASC_ANION,s303,0.7288359999656677,0.7015975117683411,0.6812757849693298,0.5009981989860535,0.682873547077179,0.7407259941101074,0,0
boltz_results_a9a10_2to3_DERIVATIVE_EXPERIMENTAL_s101,a9a10_2to3,DERIVATIVE_EXPERIMENTAL,s101,0.7491478323936462,0.724507749080658,0.7052493691444397,0.4570009112358093,0.7089647054672241,0.7601224780082703,0,0
boltz_results_a9a10_2to3_DERIVATIVE_EXPERIMENTAL_s101,a9a10_2to3,DERIVATIVE_EXPERIMENTAL,s101,0.7476343512535095,0.7311357259750366,0.712434709072113,0.5080671906471252,0.7155421376228333,0.7564342617988586,0,0
boltz_results_a9a10_2to3_DERIVATIVE_EXPERIMENTAL_s101,a9a10_2to3,DERIVATIVE_EXPERIMENTAL,s101,0.7390546202659607,0.7086609601974487,0.6873473525047302,0.48169538378715515,0.6906262636184692,0.7519813776016235,0,0
boltz_results_a9a10_2to3_DERIVATIVE_EXPERIMENTAL_s202,a9a10_2to3,DERIVATIVE_EXPERIMENTAL,s202,0.7512331604957581,0.7282987833023071,0.7103063464164734,0.48628589510917664,0.7135316133499146,0.7614648342132568,0,0
boltz_results_a9a10_2to3_DERIVATIVE_EXPERIMENTAL_s202,a9a10_2to3,DERIVATIVE_EXPERIMENTAL,s202,0.7478974461555481,0.728933572769165,0.7129963636398315,0.4399201273918152,0.7165558338165283,0.7566227316856384,0,0
boltz_results_a9a10_2to3_DERIVATIVE_EXPERIMENTAL_s202,a9a10_2to3,DERIVATIVE_EXPERIMENTAL,s202,0.7437970042228699,0.7098485827445984,0.6912698149681091,0.4532962143421173,0.6945841312408447,0.7569287419319153,0,0
boltz_results_a9a10_2to3_DERIVATIVE_EXPERIMENTAL_s303,a9a10_2to3,DERIVATIVE_EXPERIMENTAL,s303,0.7503527402877808,0.721602201461792,0.70330411195755,0.4978022575378418,0.7065255641937256,0.7621148824691772,0,0
boltz_results_a9a10_2to3_DERIVATIVE_EXPERIMENTAL_s303,a9a10_2to3,DERIVATIVE_EXPERIMENTAL,s303,0.7471516132354736,0.7266907691955566,0.7073004841804504,0.506838321685791,0.710706889629364,0.7571144104003906,0,0
boltz_results_a9a10_2to3_DERIVATIVE_EXPERIMENTAL_s303,a9a10_2to3,DERIVATIVE_EXPERIMENTAL,s303,0.7405180335044861,0.7093036770820618,0.6870723962783813,0.42821818590164185,0.6903745532035828,0.7538794279098511,0,0
boltz_results_a9a10_2to3_LASC_ANION_s101,a9a10_2to3,LASC_ANION,s101,0.7442982792854309,0.7239730358123779,0.7071236371994019,0.39326614141464233,0.7097137570381165,0.7535918951034546,0,0
boltz_results_a9a10_2to3_LASC_ANION_s101,a9a10_2to3,LASC_ANION,s101,0.7405277490615845,0.7176400423049927,0.701129138469696,0.3233231008052826,0.7039843797683716,0.750377357006073,0,0
boltz_results_a9a10_2to3_LASC_ANION_s101,a9a10_2to3,LASC_ANION,s101,0.7401310801506042,0.7297607660293579,0.7112838625907898,0.4004293978214264,0.7138265371322632,0.7473428845405579,0,0
boltz_results_a9a10_2to3_LASC_ANION_s202,a9a10_2to3,LASC_ANION,s202,0.744480550289154,0.7250271439552307,0.70848149061203,0.40298280119895935,0.7109892964363098,0.7534803152084351,0,0
boltz_results_a9a10_2to3_LASC_ANION_s202,a9a10_2to3,LASC_ANION,s202,0.7421512603759766,0.7270625233650208,0.710976243019104,0.42788931727409363,0.7133890390396118,0.7499449849128723,0,0
boltz_results_a9a10_2to3_LASC_ANION_s202,a9a10_2to3,LASC_ANION,s202,0.736693263053894,0.7126997113227844,0.6927329897880554,0.39257198572158813,0.6952158808708191,0.7476832866668701,0,0
boltz_results_a9a10_2to3_LASC_ANION_s303,a9a10_2to3,LASC_ANION,s303,0.7430118918418884,0.7149548530578613,0.6980085968971252,0.4203338027000427,0.7003737688064575,0.7542626857757568,0,0
boltz_results_a9a10_2to3_LASC_ANION_s303,a9a10_2to3,LASC_ANION,s303,0.7419185042381287,0.7242900133132935,0.7064889669418335,0.42131945490837097,0.7089293003082275,0.7507758736610413,0,0
boltz_results_a9a10_2to3_LASC_ANION_s303,a9a10_2to3,LASC_ANION,s303,0.7297946214675903,0.7041932344436646,0.6828391551971436,0.37344855070114136,0.6851671934127808,0.7415334582328796,0,0
boltz_results_a9a10_2to3_LASC_NEUTRAL_s101,a9a10_2to3,LASC_NEUTRAL,s101,0.7488763928413391,0.7268214821815491,0.7088710069656372,0.406233549118042,0.7113837599754333,0.7588777542114258,0,0
boltz_results_a9a10_2to3_LASC_NEUTRAL_s101,a9a10_2to3,LASC_NEUTRAL,s101,0.7459044456481934,0.7228795886039734,0.7070829272270203,0.4386023283004761,0.7094423770904541,0.7556098103523254,0,0
boltz_results_a9a10_2to3_LASC_NEUTRAL_s101,a9a10_2to3,LASC_NEUTRAL,s101,0.74455326795578,0.7307129502296448,0.712752103805542,0.40068063139915466,0.7153140306472778,0.7525035738945007,0,0
boltz_results_a9a10_2to3_LASC_NEUTRAL_s202,a9a10_2to3,LASC_NEUTRAL,s202,0.7492400407791138,0.7261019945144653,0.7083510160446167,0.4232032001018524,0.7108885645866394,0.7594622373580933,0,0
boltz_results_a9a10_2to3_LASC_NEUTRAL_s202,a9a10_2to3,LASC_NEUTRAL,s202,0.7467367649078369,0.7275705337524414,0.7114405632019043,0.42039433121681213,0.7138805985450745,0.7555608153343201,0,0
boltz_results_a9a10_2to3_LASC_NEUTRAL_s202,a9a10_2to3,LASC_NEUTRAL,s202,0.7425985336303711,0.7142134308815002,0.6967838406562805,0.3507772386074066,0.6995714902877808,0.7540522217750549,0,0
boltz_results_a9a10_2to3_LASC_NEUTRAL_s303,a9a10_2to3,LASC_NEUTRAL,s303,0.747836709022522,0.7169312834739685,0.6990661025047302,0.4293055832386017,0.7015159726142883,0.7600293159484863,0,0
boltz_results_a9a10_2to3_LASC_NEUTRAL_s303,a9a10_2to3,LASC_NEUTRAL,s303,0.7466086745262146,0.7248716950416565,0.7077160477638245,0.4338317811489105,0.710135281085968,0.7563318014144897,0,0
boltz_results_a9a10_2to3_LASC_NEUTRAL_s303,a9a10_2to3,LASC_NEUTRAL,s303,0.7345263361930847,0.7058404088020325,0.6828764081001282,0.404182106256485,0.6852466464042664,0.7474388480186462,0,0
boltz_results_a9a10_3to2_ACETATE_ANION_s101,a9a10_3to2,ACETATE_ANION,s101,0.7319113612174988,0.7068957686424255,0.6893526911735535,0.35958945751190186,0.6902477145195007,0.7425510287284851,0,0
boltz_results_a9a10_3to2_ACETATE_ANION_s101,a9a10_3to2,ACETATE_ANION,s101,0.7300819158554077,0.7013911008834839,0.6832805275917053,0.2837687134742737,0.6841720938682556,0.7417822480201721,0,0
boltz_results_a9a10_3to2_ACETATE_ANION_s101,a9a10_3to2,ACETATE_ANION,s101,0.7293223738670349,0.7070106267929077,0.6875292658805847,0.24704861640930176,0.6885474324226379,0.7397705912590027,0,0
boltz_results_a9a10_3to2_ACETATE_ANION_s202,a9a10_3to2,ACETATE_ANION,s202,0.7360530495643616,0.7174674868583679,0.7031546235084534,0.2610374987125397,0.7041604518890381,0.7442776560783386,0,0
boltz_results_a9a10_3to2_ACETATE_ANION_s202,a9a10_3to2,ACETATE_ANION,s202,0.7326976656913757,0.7171970009803772,0.6946877241134644,0.28745025396347046,0.6956635117530823,0.7422001957893372,0,0
boltz_results_a9a10_3to2_ACETATE_ANION_s202,a9a10_3to2,ACETATE_ANION,s202,0.7305238842964172,0.6976298093795776,0.6771602630615234,0.2442249059677124,0.6781418323516846,0.7438647747039795,0,0
boltz_results_a9a10_3to2_ACETATE_ANION_s303,a9a10_3to2,ACETATE_ANION,s303,0.7399478554725647,0.7102358341217041,0.6929683089256287,0.27243876457214355,0.6939216256141663,0.7516927123069763,0,0
boltz_results_a9a10_3to2_ACETATE_ANION_s303,a9a10_3to2,ACETATE_ANION,s303,0.7366921305656433,0.7131883502006531,0.6965609788894653,0.27474454045295715,0.6975403428077698,0.7467249035835266,0,0
boltz_results_a9a10_3to2_ACETATE_ANION_s303,a9a10_3to2,ACETATE_ANION,s303,0.723091721534729,0.7047548294067383,0.6886452436447144,0.2886757552623749,0.6895620822906494,0.7317033410072327,0,0
boltz_results_a9a10_3to2_DASC_ANION_s101,a9a10_3to2,DASC_ANION,s101,0.7404460310935974,0.7179903984069824,0.7018845677375793,0.42106157541275024,0.7042299509048462,0.7500863671302795,0,0
boltz_results_a9a10_3to2_DASC_ANION_s101,a9a10_3to2,DASC_ANION,s101,0.7354643940925598,0.7215621471405029,0.7041028738021851,0.42710500955581665,0.7064634561538696,0.7433047294616699,0,0
boltz_results_a9a10_3to2_DASC_ANION_s101,a9a10_3to2,DASC_ANION,s101,0.7300348281860352,0.7116794586181641,0.6899505257606506,0.4098297655582428,0.692286491394043,0.7400559186935425,0,0
boltz_results_a9a10_3to2_DASC_ANION_s202,a9a10_3to2,DASC_ANION,s202,0.7405893802642822,0.7192374467849731,0.7028458714485168,0.42357656359672546,0.7051802277565002,0.7500252723693848,0,0
boltz_results_a9a10_3to2_DASC_ANION_s202,a9a10_3to2,DASC_ANION,s202,0.738701343536377,0.7164507508277893,0.7004932165145874,0.41585543751716614,0.7028419375419617,0.7482534050941467,0,0
boltz_results_a9a10_3to2_DASC_ANION_s202,a9a10_3to2,DASC_ANION,s202,0.7381202578544617,0.7148264050483704,0.7003523707389832,0.4000989496707916,0.7027636766433716,0.7475622296333313,0,0
boltz_results_a9a10_3to2_DASC_ANION_s303,a9a10_3to2,DASC_ANION,s303,0.7418268322944641,0.7209357023239136,0.7053996324539185,0.45076313614845276,0.7076265811920166,0.7509336471557617,0,0
boltz_results_a9a10_3to2_DASC_ANION_s303,a9a10_3to2,DASC_ANION,s303,0.7329449653625488,0.71590656042099,0.7015367746353149,0.4309290945529938,0.7038119435310364,0.7407970428466797,0,0
boltz_results_a9a10_3to2_DASC_ANION_s303,a9a10_3to2,DASC_ANION,s303,0.7319590449333191,0.7015302181243896,0.6812114715576172,0.3734820783138275,0.6837487816810608,0.744645893573761,0,0
boltz_results_a9a10_3to2_DERIVATIVE_EXPERIMENTAL_s101,a9a10_3to2,DERIVATIVE_EXPERIMENTAL,s101,0.7433740496635437,0.7183427810668945,0.6996880769729614,0.5167786478996277,0.7027196288108826,0.7542955279350281,0,0
boltz_results_a9a10_3to2_DERIVATIVE_EXPERIMENTAL_s101,a9a10_3to2,DERIVATIVE_EXPERIMENTAL,s101,0.7380287051200867,0.7131645083427429,0.6951577067375183,0.455356240272522,0.6986457109451294,0.748746395111084,0,0
boltz_results_a9a10_3to2_DERIVATIVE_EXPERIMENTAL_s101,a9a10_3to2,DERIVATIVE_EXPERIMENTAL,s101,0.7266075015068054,0.6951736807823181,0.6775252819061279,0.4519830048084259,0.6807953715324402,0.738878071308136,0,0
boltz_results_a9a10_3to2_DERIVATIVE_EXPERIMENTAL_s202,a9a10_3to2,DERIVATIVE_EXPERIMENTAL,s202,0.7460543513298035,0.7201359868049622,0.701930046081543,0.46838873624801636,0.7051344513893127,0.7570854425430298,0,0
boltz_results_a9a10_3to2_DERIVATIVE_EXPERIMENTAL_s202,a9a10_3to2,DERIVATIVE_EXPERIMENTAL,s202,0.7454033493995667,0.7162336707115173,0.7007072567939758,0.4731297492980957,0.7038694024085999,0.7565773725509644,0,0
boltz_results_a9a10_3to2_DERIVATIVE_EXPERIMENTAL_s202,a9a10_3to2,DERIVATIVE_EXPERIMENTAL,s202,0.7389972805976868,0.7100045680999756,0.6887797713279724,0.4176037609577179,0.6924434900283813,0.751551628112793,0,0
boltz_results_a9a10_3to2_DERIVATIVE_EXPERIMENTAL_s303,a9a10_3to2,DERIVATIVE_EXPERIMENTAL,s303,0.7495967745780945,0.7236958146095276,0.7063036561012268,0.5125008225440979,0.7092329859733582,0.7604200839996338,0,0
boltz_results_a9a10_3to2_DERIVATIVE_EXPERIMENTAL_s303,a9a10_3to2,DERIVATIVE_EXPERIMENTAL,s303,0.7464208006858826,0.716975212097168,0.7019239664077759,0.4623268246650696,0.7051680088043213,0.7575449347496033,0,0
boltz_results_a9a10_3to2_DERIVATIVE_EXPERIMENTAL_s303,a9a10_3to2,DERIVATIVE_EXPERIMENTAL,s303,0.7385782599449158,0.7148033976554871,0.7002534866333008,0.4665215313434601,0.7034066915512085,0.7481594681739807,0,0
boltz_results_a9a10_3to2_LASC_ANION_s101,a9a10_3to2,LASC_ANION,s101,0.7390838861465454,0.7188760042190552,0.7007173895835876,0.4338860511779785,0.7030296921730042,0.7486754655838013,0,0
boltz_results_a9a10_3to2_LASC_ANION_s101,a9a10_3to2,LASC_ANION,s101,0.7335526347160339,0.721860408782959,0.704334020614624,0.4046284258365631,0.7067553997039795,0.7408573031425476,0,0
boltz_results_a9a10_3to2_LASC_ANION_s101,a9a10_3to2,LASC_ANION,s101,0.7279646992683411,0.7109742164611816,0.6861563324928284,0.4119144678115845,0.6884665489196777,0.7384167909622192,0,0
boltz_results_a9a10_3to2_LASC_ANION_s202,a9a10_3to2,LASC_ANION,s202,0.7379218935966492,0.7159968614578247,0.698975682258606,0.4237116873264313,0.7012728452682495,0.7476584911346436,0,0
boltz_results_a9a10_3to2_LASC_ANION_s202,a9a10_3to2,LASC_ANION,s202,0.7366182208061218,0.7109895944595337,0.6932237148284912,0.40745845437049866,0.6955602765083313,0.7474668622016907,0,0
boltz_results_a9a10_3to2_LASC_ANION_s202,a9a10_3to2,LASC_ANION,s202,0.7301816940307617,0.7022733688354492,0.6808458566665649,0.41524142026901245,0.6831200122833252,0.7425156235694885,0,0
boltz_results_a9a10_3to2_LASC_ANION_s303,a9a10_3to2,LASC_ANION,s303,0.7415276169776917,0.7198238968849182,0.7042567729949951,0.456991583108902,0.7064399719238281,0.7508453130722046,0,0
boltz_results_a9a10_3to2_LASC_ANION_s303,a9a10_3to2,LASC_ANION,s303,0.7367724180221558,0.7128733992576599,0.6977856755256653,0.39980772137641907,0.7002101540565491,0.7465190887451172,0,0
boltz_results_a9a10_3to2_LASC_ANION_s303,a9a10_3to2,LASC_ANION,s303,0.7311564087867737,0.7114831209182739,0.6945895552635193,0.4264964163303375,0.6968153119087219,0.7402980923652649,0,0
boltz_results_a9a10_3to2_LASC_NEUTRAL_s101,a9a10_3to2,LASC_NEUTRAL,s101,0.7453103065490723,0.7207114100456238,0.7051438093185425,0.42740240693092346,0.7074822187423706,0.7553519606590271,0,0
boltz_results_a9a10_3to2_LASC_NEUTRAL_s101,a9a10_3to2,LASC_NEUTRAL,s101,0.7424364686012268,0.719623863697052,0.7026317119598389,0.426216185092926,0.7049845457077026,0.7523876428604126,0,0
boltz_results_a9a10_3to2_LASC_NEUTRAL_s101,a9a10_3to2,LASC_NEUTRAL,s101,0.7338990569114685,0.7100270390510559,0.690300464630127,0.41982561349868774,0.6926078200340271,0.7447987198829651,0,0
boltz_results_a9a10_3to2_LASC_NEUTRAL_s202,a9a10_3to2,LASC_NEUTRAL,s202,0.7421614527702332,0.7173478007316589,0.701146125793457,0.4150688946247101,0.7035040855407715,0.7524152398109436,0,0
boltz_results_a9a10_3to2_LASC_NEUTRAL_s202,a9a10_3to2,LASC_NEUTRAL,s202,0.7415003776550293,0.7162802219390869,0.700100839138031,0.41971832513809204,0.7024330496788025,0.7518502473831177,0,0
boltz_results_a9a10_3to2_LASC_NEUTRAL_s202,a9a10_3to2,LASC_NEUTRAL,s202,0.7344228029251099,0.7005555629730225,0.6797822713851929,0.429920494556427,0.6820331811904907,0.7480829358100891,0,0
boltz_results_a9a10_3to2_LASC_NEUTRAL_s303,a9a10_3to2,LASC_NEUTRAL,s303,0.7443565726280212,0.7197887897491455,0.7061237096786499,0.46726086735725403,0.7082667946815491,0.7539147734642029,0,0
boltz_results_a9a10_3to2_LASC_NEUTRAL_s303,a9a10_3to2,LASC_NEUTRAL,s303,0.7411773800849915,0.7149494886398315,0.6990084052085876,0.4532940089702606,0.7012301087379456,0.75171959400177,0,0
boltz_results_a9a10_3to2_LASC_NEUTRAL_s303,a9a10_3to2,LASC_NEUTRAL,s303,0.7360140681266785,0.7146105170249939,0.6997435688972473,0.4254920184612274,0.7020459175109863,0.7450817227363586,0,0
