label,residue,chain,resid,x,y,z,charge,potential_kcal_mol,n_atoms
a9a10_2to3_apo_reference_site23,A:176,A,176,-27.067,15.593,24.433,-0.0,-368.61,90
a9a10_2to3_apo_reference_site23,A:175,A,175,-27.586,14.828,20.948,0.0,-368.61,94
a9a10_2to3_apo_reference_site23,A:120,A,120,-19.578,11.274,18.298,-0.0,-381.56,84
a9a10_2to3_apo_reference_site23,A:224,A,224,-25.799,15.43,23.579,-0.0,-368.61,84
a9a10_2to3_apo_reference_site23,A:217,A,217,-20.897,12.235,22.494,-0.0,-381.56,63
a9a10_2to3_apo_reference_site23,A:57,A,57,-30.452,17.308,25.754,-0.0,-368.61,76
a9a10_2to3_apo_reference_site23,A:55,A,55,-33.38,19.271,28.218,-0.0,-368.61,89
a9a10_2to3_apo_reference_site34,A:270,A,270,15.966,-7.913,-13.809,-0.0,-107.17,79
a9a10_2to3_apo_reference_site34,A:274,A,274,11.713,-6.021,-10.271,-0.0,-128.6,76
a9a10_2to3_apo_reference_site34,A:277,A,277,9.007,-4.298,-6.674,-0.0,-163.27,68
a9a10_2to3_apo_reference_site34,A:266,A,266,20.273,-10.493,-16.857,-3.0,-96.38,59
a9a10_2to3_apo_reference_site34,A:267,A,267,19.682,-10.829,-17.516,1.0,-96.38,96
a9a10_3to2_apo_reference_site23,A:176,A,176,-26.187,23.242,18.802,-0.0,-515.66,100
a9a10_3to2_apo_reference_site23,A:175,A,175,-25.304,25.033,16.317,0.0,-515.66,81
a9a10_3to2_apo_reference_site23,A:120,A,120,-20.695,17.828,15.016,-0.0,-515.66,91
a9a10_3to2_apo_reference_site23,A:224,A,224,-25.658,22.823,19.142,-0.0,-515.66,91
a9a10_3to2_apo_reference_site23,A:217,A,217,-24.688,19.552,18.975,-0.0,-515.66,77
a9a10_3to2_apo_reference_site23,A:57,A,57,-29.382,27.306,20.602,-0.0,-515.66,74
a9a10_3to2_apo_reference_site23,A:55,A,55,-31.57,29.641,22.419,-0.0,-515.66,86
a9a10_3to2_apo_reference_site34,A:270,A,270,15.253,-12.552,-9.233,-0.0,-136.77,71
a9a10_3to2_apo_reference_site34,A:274,A,274,11.012,-9.252,-6.906,-0.0,-169.87,74
a9a10_3to2_apo_reference_site34,A:277,A,277,7.651,-7.199,-4.22,-0.0,-214.96,77
a9a10_3to2_apo_reference_site34,A:266,A,266,19.024,-16.67,-11.908,-2.0,-156.13,51
a9a10_3to2_apo_reference_site34,A:267,A,267,18.447,-15.758,-12.449,-1.0,-156.13,89
