site,residue,subunit,residue_number,contact_frequency,n_models_contact,n_models_total,n_ligands_contact,ligands,ligand_freqs,af3_freq,boltz2_freq
13,alpha10:84,alpha10,84,1.0,11,11,4,DASC_ANION;LASC_NEUTRAL;OETHYL_CORRECTED_3O;OETHYL_USER_SUPPLIED,OETHYL_CORRECTED_3O:0.545;OETHYL_USER_SUPPLIED:0.273;LASC_NEUTRAL:0.091;DASC_ANION:0.091,1.0,0.0
13,alpha10:116,alpha10,116,1.0,11,11,4,DASC_ANION;LASC_NEUTRAL;OETHYL_CORRECTED_3O;OETHYL_USER_SUPPLIED,OETHYL_CORRECTED_3O:0.545;OETHYL_USER_SUPPLIED:0.273;LASC_NEUTRAL:0.091;DASC_ANION:0.091,1.0,0.0
13,alpha10:117,alpha10,117,0.9091,10,11,4,DASC_ANION;LASC_NEUTRAL;OETHYL_CORRECTED_3O;OETHYL_USER_SUPPLIED,OETHYL_CORRECTED_3O:0.455;OETHYL_USER_SUPPLIED:0.273;LASC_NEUTRAL:0.091;DASC_ANION:0.091,0.9091,0.0
13,alpha10:127,alpha10,127,0.9091,10,11,3,LASC_NEUTRAL;OETHYL_CORRECTED_3O;OETHYL_USER_SUPPLIED,OETHYL_CORRECTED_3O:0.545;OETHYL_USER_SUPPLIED:0.273;LASC_NEUTRAL:0.091,0.9091,0.0
13,alpha10:144,alpha10,144,0.9091,10,11,4,DASC_ANION;LASC_NEUTRAL;OETHYL_CORRECTED_3O;OETHYL_USER_SUPPLIED,OETHYL_CORRECTED_3O:0.545;OETHYL_USER_SUPPLIED:0.182;LASC_NEUTRAL:0.091;DASC_ANION:0.091,0.9091,0.0
13,alpha10:172,alpha10,172,0.9091,10,11,3,DASC_ANION;OETHYL_CORRECTED_3O;OETHYL_USER_SUPPLIED,OETHYL_CORRECTED_3O:0.545;OETHYL_USER_SUPPLIED:0.273;DASC_ANION:0.091,0.9091,0.0
13,alpha10:82,alpha10,82,0.8182,9,11,3,DASC_ANION;OETHYL_CORRECTED_3O;OETHYL_USER_SUPPLIED,OETHYL_CORRECTED_3O:0.455;OETHYL_USER_SUPPLIED:0.273;DASC_ANION:0.091,0.8182,0.0
13,alpha10:118,alpha10,118,0.8182,9,11,3,DASC_ANION;OETHYL_CORRECTED_3O;OETHYL_USER_SUPPLIED,OETHYL_CORRECTED_3O:0.455;OETHYL_USER_SUPPLIED:0.273;DASC_ANION:0.091,0.8182,0.0
13,alpha10:148,alpha10,148,0.6364,7,11,3,DASC_ANION;OETHYL_CORRECTED_3O;OETHYL_USER_SUPPLIED,OETHYL_CORRECTED_3O:0.364;OETHYL_USER_SUPPLIED:0.182;DASC_ANION:0.091,0.6364,0.0
13,alpha10:146,alpha10,146,0.6364,7,11,3,LASC_NEUTRAL;OETHYL_CORRECTED_3O;OETHYL_USER_SUPPLIED,OETHYL_CORRECTED_3O:0.455;LASC_NEUTRAL:0.091;OETHYL_USER_SUPPLIED:0.091,0.6364,0.0
13,alpha10:128,alpha10,128,0.5455,6,11,3,LASC_NEUTRAL;OETHYL_CORRECTED_3O;OETHYL_USER_SUPPLIED,OETHYL_CORRECTED_3O:0.364;LASC_NEUTRAL:0.091;OETHYL_USER_SUPPLIED:0.091,0.5455,0.0
13,alpha10:129,alpha10,129,0.5455,6,11,3,LASC_NEUTRAL;OETHYL_CORRECTED_3O;OETHYL_USER_SUPPLIED,OETHYL_CORRECTED_3O:0.273;OETHYL_USER_SUPPLIED:0.182;LASC_NEUTRAL:0.091,0.5455,0.0
13,alpha10:130,alpha10,130,0.3636,4,11,3,LASC_NEUTRAL;OETHYL_CORRECTED_3O;OETHYL_USER_SUPPLIED,OETHYL_CORRECTED_3O:0.182;LASC_NEUTRAL:0.091;OETHYL_USER_SUPPLIED:0.091,0.3636,0.0
13,alpha10:147,alpha10,147,0.3636,4,11,3,LASC_NEUTRAL;OETHYL_CORRECTED_3O;OETHYL_USER_SUPPLIED,OETHYL_CORRECTED_3O:0.182;LASC_NEUTRAL:0.091;OETHYL_USER_SUPPLIED:0.091,0.3636,0.0
13,alpha10:150,alpha10,150,0.3636,4,11,2,DASC_ANION;OETHYL_CORRECTED_3O,OETHYL_CORRECTED_3O:0.273;DASC_ANION:0.091,0.3636,0.0
13,alpha10:121,alpha10,121,0.2727,3,11,1,OETHYL_USER_SUPPLIED,OETHYL_USER_SUPPLIED:0.273,0.2727,0.0
13,alpha10:59,alpha10,59,0.1818,2,11,1,OETHYL_CORRECTED_3O,OETHYL_CORRECTED_3O:0.182,0.1818,0.0
13,alpha10:114,alpha10,114,0.0909,1,11,1,OETHYL_CORRECTED_3O,OETHYL_CORRECTED_3O:0.091,0.0909,0.0
13,alpha10:149,alpha10,149,0.0909,1,11,1,OETHYL_CORRECTED_3O,OETHYL_CORRECTED_3O:0.091,0.0909,0.0
13,alpha9:125,alpha9,125,0.0909,1,11,1,OETHYL_USER_SUPPLIED,OETHYL_USER_SUPPLIED:0.091,0.0909,0.0
