site,n_models,n_unique_configs,n_af3,n_boltz2,n_stoichiometries,stoichiometries,n_ligands,ligands,n_core_residues,n_peripheral_residues,core_residues,mean_rmsd,rmsd_spread,n_frameworks,frameworks,seed_score,method_score,stoich_score,residue_score,overall_robustness
0,7,5,7,0,2,2to3;3to2,4,ACETATE_ANION;DASC_ANION;LASC_ANION;LASC_NEUTRAL,0,0,,3.761,1.89,0,,0.7143,0.5,1.0,0.0,0.5536
1,1,1,1,0,1,2to3,1,RYANODINE,4,0,alpha10:126;alpha10:128;alpha10:129;alpha9:129,4.17,0,1,alpha10+alpha9,1.0,0.5,0.5,1.0,0.75
2,1,1,1,0,1,3to2,1,LASC_ANION,3,0,alpha9:110;alpha9:129;alpha9:132,2.43,0,1,alpha9,1.0,0.5,0.5,1.0,0.75
3,6,4,6,0,2,2to3;3to2,4,ACETATE_ANION;DASC_ANION;LASC_ANION;OETHYL_CORRECTED_2O,9,1,alpha9:117;alpha9:118;alpha9:119;alpha9:122;alpha9:128;alpha9:149;alpha9:151;alpha9:173;alpha9:83,3.525,4.54,1,alpha9,0.6667,0.5,1.0,0.6,0.6917
4,2,1,2,0,1,2to3,2,OETHYL_CORRECTED_2O;OETHYL_CORRECTED_3O,5,0,alpha9:161;alpha9:164;alpha9:166;alpha9:476;alpha9:477,4.33,0.06,1,alpha9,0.5,0.5,0.5,1.0,0.625
5,69,23,69,0,2,2to3;3to2,5,DASC_ANION;LASC_ANION;LASC_NEUTRAL;OETHYL_CORRECTED_2O;OETHYL_CORRECTED_3O,2,3,alpha9:55;alpha9:57,3.784,9.88,1,alpha9,0.3333,0.5,1.0,0.1818,0.5038
6,2,2,2,0,1,3to2,2,LASC_ANION;OETHYL_CORRECTED_3O,6,0,alpha9:184;alpha9:186;alpha9:187;alpha9:212;alpha9:214;alpha9:223,3.11,1.32,1,alpha9,1.0,0.5,0.5,1.0,0.75
7,21,12,21,0,2,2to3;3to2,4,DASC_ANION;LASC_ANION;LASC_NEUTRAL;OETHYL_CORRECTED_3O,3,1,alpha10:185;alpha10:54;alpha10:56,3.497,2.15,1,alpha10,0.5714,0.5,1.0,0.3333,0.6012
8,7,5,7,0,2,2to3;3to2,5,ACETATE_ANION;DASC_ANION;LASC_ANION;OETHYL_CORRECTED_2O;OETHYL_CORRECTED_3O,5,3,alpha10:141;alpha10:58;alpha10:85;alpha10:86;alpha10:87,3.07,1.1,1,alpha10,0.7143,0.5,1.0,0.5556,0.6925
9,1,1,1,0,1,2to3,1,LASC_ANION,1,0,alpha10:58,3.72,0,1,alpha10,1.0,0.5,0.5,1.0,0.75
10,1,1,1,0,1,3to2,1,OETHYL_CORRECTED_3O,7,0,alpha10:154;alpha10:155;alpha10:156;alpha10:157;alpha10:165;alpha10:166;alpha10:167,3.92,0,1,alpha10,1.0,0.5,0.5,1.0,0.75
11,1,1,1,0,1,2to3,1,OETHYL_CORRECTED_2O,1,0,alpha10:167,7.23,0,1,alpha10,1.0,0.5,0.5,1.0,0.75
12,1,1,1,0,1,2to3,1,OETHYL_CORRECTED_3O,1,0,alpha10:110,4.21,0,1,alpha10,1.0,0.5,0.5,1.0,0.75
13,11,8,11,0,2,2to3;3to2,4,DASC_ANION;LASC_NEUTRAL;OETHYL_CORRECTED_3O;OETHYL_USER_SUPPLIED,12,4,alpha10:116;alpha10:117;alpha10:118;alpha10:127;alpha10:128;alpha10:129;alpha10:144;alpha10:146;alpha10:148;alpha10:172,3.775,1.45,2,alpha10;alpha10+alpha9,0.7273,0.5,1.0,0.6,0.7068
14,2,1,2,0,1,2to3,2,DASC_ANION;LASC_ANION,13,0,alpha10:117;alpha10:118;alpha10:121;alpha10:123;alpha10:124;alpha10:125;alpha10:126;alpha10:127;alpha10:175;alpha9:131,4.46,0.04,1,alpha10+alpha9,0.5,0.5,0.5,1.0,0.625
15,2,1,2,0,1,2to3,2,DASC_ANION;LASC_ANION,9,0,alpha10:122;alpha10:123;alpha10:124;alpha10:125;alpha10:129;alpha10:149;alpha10:151;alpha10:75;alpha9:68,3.49,0.0,2,alpha10;alpha10+alpha9,0.5,0.5,0.5,1.0,0.625
16,3,3,1,2,1,2to3,3,DASC_ANION;LASC_ANION;OETHYL_CORRECTED_2O,7,2,alpha10:40;alpha10:41;alpha10:90;alpha9:19;alpha9:23;alpha9:29;alpha9:32,9.423,7.84,2,alpha10;alpha10+alpha9,1.0,0.5,0.5,0.7778,0.6944
17,9,9,9,0,1,3to2,1,ACETATE_ANION,7,1,alpha9:104;alpha9:105;alpha9:106;alpha9:178;alpha9:182;alpha9:47;alpha9:52,4.916,8.79,1,alpha9,1.0,0.5,0.5,0.7,0.675
18,12,10,10,2,2,2to3;3to2,3,ACETATE_ANION;LASC_ANION;OETHYL_CORRECTED_2O,6,4,alpha10:181;alpha10:46;alpha10:51;alpha9:104;alpha9:105;alpha9:106,5.442,11.02,1,alpha10+alpha9,0.8333,1.0,1.0,0.375,0.8021
19,12,6,12,0,1,2to3,5,ACETATE_ANION;DASC_ANION;LASC_ANION;OETHYL_CORRECTED_2O;OETHYL_CORRECTED_3O,9,6,alpha10:102;alpha10:103;alpha10:104;alpha10:105;alpha10:177;alpha10:181;alpha10:45;alpha10:46;alpha10:51,3.518,2.32,1,alpha10,0.5,0.5,0.5,0.4286,0.4821
20,3,3,3,0,2,2to3;3to2,2,OETHYL_CORRECTED_2O;OETHYL_CORRECTED_3O,5,7,alpha10:135;alpha10:137;alpha10:143;alpha10:85;alpha9:222,3.847,1.67,1,alpha10+alpha9,1.0,0.5,1.0,0.4167,0.7292
21,28,16,27,1,2,2to3;3to2,6,ACETATE_ANION;DASC_ANION;LASC_ANION;LASC_NEUTRAL;OETHYL_CORRECTED_2O;OETHYL_CORRECTED_3O,7,5,alpha10:103;alpha10:104;alpha10:105;alpha9:178;alpha9:182;alpha9:47;alpha9:52,4.222,9.51,1,alpha10+alpha9,0.5714,1.0,1.0,0.3043,0.7189
22,9,8,6,3,1,3to2,4,DASC_ANION;LASC_ANION;OETHYL_CORRECTED_3O;OETHYL_USER_SUPPLIED,9,4,alpha9:120;alpha9:146;alpha9:176;alpha9:177;alpha9:217;alpha9:219;alpha9:224;alpha9:82;alpha9:84,6.879,12.29,1,alpha9,0.8889,1.0,0.5,0.4091,0.6995
23,73,26,26,47,2,2to3;3to2,8,ACETATE_ANION;DASC_ANION;LASC_ANION;LASC_NEUTRAL;OETHYL_CORRECTED_2O;OETHYL_CORRECTED_3O;OETHYL_USER_SUPPLIED;RYANODINE,9,4,alpha10:143;alpha10:145;alpha10:81;alpha10:83;alpha9:120;alpha9:175;alpha9:176;alpha9:217;alpha9:224,9.145,14.32,1,alpha10+alpha9,0.3562,0.5532,1.0,0.1957,0.5263
24,2,2,2,0,1,3to2,2,OETHYL_CORRECTED_2O;OETHYL_CORRECTED_3O,10,0,alpha10:119;alpha10:120;alpha10:171;alpha10:212;alpha10:214;alpha10:216;alpha10:225;alpha9:196;alpha9:197;alpha9:198,2.885,0.83,1,alpha10+alpha9,1.0,0.5,0.5,1.0,0.75
25,31,19,15,16,2,2to3;3to2,7,ACETATE_ANION;DASC_ANION;LASC_ANION;LASC_NEUTRAL;OETHYL_CORRECTED_2O;OETHYL_CORRECTED_3O;OETHYL_USER_SUPPLIED,8,5,alpha10:119;alpha10:174;alpha10:175;alpha10:216;alpha10:223;alpha9:146;alpha9:82;alpha9:84,7.707,12.69,1,alpha10+alpha9,0.6129,0.9375,1.0,0.32,0.7176
26,20,13,16,4,2,2to3;3to2,7,ACETATE_ANION;DASC_ANION;LASC_ANION;LASC_NEUTRAL;OETHYL_CORRECTED_2O;OETHYL_CORRECTED_3O;OETHYL_USER_SUPPLIED,10,4,alpha10:119;alpha10:145;alpha10:174;alpha10:175;alpha10:216;alpha10:218;alpha10:219;alpha10:223;alpha10:81;alpha10:83,5.497,8.01,1,alpha10,0.65,1.0,1.0,0.4762,0.7815
27,2,2,2,0,2,2to3;3to2,2,OETHYL_CORRECTED_2O;OETHYL_CORRECTED_3O,11,0,alpha10:110;alpha10:31;alpha10:34;alpha9:37;alpha9:38;alpha9:41;alpha9:42;alpha9:43;alpha9:44;alpha9:91,4.595,2.33,1,alpha10+alpha9,1.0,0.5,1.0,1.0,0.875
28,1,1,1,0,1,3to2,1,OETHYL_CORRECTED_2O,2,0,alpha10:187;alpha9:221,4.41,0,1,alpha10+alpha9,1.0,0.5,0.5,1.0,0.75
29,1,1,0,1,1,3to2,1,ACETATE_ANION,4,0,alpha10:293;alpha9:204;alpha9:236;alpha9:237,12.88,0,1,alpha10+alpha9,1.0,0.0,0.5,1.0,0.625
30,2,2,1,1,1,2to3,2,LASC_ANION;OETHYL_CORRECTED_2O,19,0,alpha10:153;alpha10:286;alpha10:289;alpha10:291;alpha10:72;alpha10:73;alpha10:74;alpha9:200;alpha9:201;alpha9:202,6.5,7.28,1,alpha10+alpha9,1.0,1.0,0.5,1.0,0.875
31,3,3,2,1,2,2to3;3to2,2,ACETATE_ANION;OETHYL_CORRECTED_3O,6,10,alpha10:238;alpha10:239;alpha10:242;alpha10:243;alpha10:288;alpha9:287,7.347,10.95,2,alpha10;alpha10+alpha9,1.0,1.0,1.0,0.375,0.8438
32,1,1,1,0,1,2to3,1,ACETATE_ANION,1,0,alpha10:273,3.73,0,1,alpha10,1.0,0.5,0.5,1.0,0.75
33,1,1,1,0,1,2to3,1,ACETATE_ANION,1,0,alpha10:280,2.84,0,1,alpha10,1.0,0.5,0.5,1.0,0.75
34,80,26,79,1,2,2to3;3to2,8,ACETATE_ANION;DASC_ANION;LASC_ANION;LASC_NEUTRAL;OETHYL_CORRECTED_2O;OETHYL_CORRECTED_3O;OETHYL_USER_SUPPLIED;RYANODINE,8,2,alpha10:265;alpha10:269;alpha10:273;alpha10:276;alpha9:266;alpha9:270;alpha9:274;alpha9:277,3.704,8.88,1,alpha10+alpha9,0.325,1.0,1.0,0.5,0.7063
35,29,19,27,2,2,2to3;3to2,5,ACETATE_ANION;DASC_ANION;OETHYL_CORRECTED_2O;OETHYL_CORRECTED_3O;OETHYL_USER_SUPPLIED,4,0,alpha10:276;alpha10:280;alpha9:277;alpha9:281,3.974,11.2,1,alpha10+alpha9,0.6552,1.0,1.0,0.3636,0.7547
36,1,1,0,1,1,3to2,1,ACETATE_ANION,7,0,alpha10:250;alpha10:277;alpha10:281;alpha9:276;alpha9:277;alpha9:280;alpha9:307,12.33,0,1,alpha10+alpha9,1.0,0.0,0.5,1.0,0.625
37,2,2,2,0,1,2to3,1,OETHYL_CORRECTED_2O,1,0,alpha10:287,2.585,2.73,1,alpha10,1.0,0.5,0.5,1.0,0.75
38,16,12,14,2,2,2to3;3to2,5,ACETATE_ANION;LASC_ANION;OETHYL_CORRECTED_2O;OETHYL_CORRECTED_3O;OETHYL_USER_SUPPLIED,5,3,alpha10:283;alpha10:284;alpha10:287;alpha9:284;alpha9:288,4.584,9.87,1,alpha10+alpha9,0.75,1.0,1.0,0.625,0.8438
39,3,2,3,0,2,2to3;3to2,2,DASC_ANION;LASC_ANION,1,1,alpha9:288,2.847,0.2,2,alpha10+alpha9;alpha9,0.6667,0.5,1.0,0.5,0.6667
40,4,4,4,0,2,2to3;3to2,1,OETHYL_USER_SUPPLIED,4,3,alpha10:406;alpha10:409;alpha9:435;alpha9:438,2.91,2.95,1,alpha10+alpha9,1.0,0.5,1.0,0.5714,0.7679
41,1,1,0,1,1,2to3,1,ACETATE_ANION,3,0,alpha10:412;alpha10:416;alpha9:442,8.35,0,1,alpha10+alpha9,1.0,0.0,0.5,1.0,0.625
42,1,1,0,1,1,2to3,1,ACETATE_ANION,1,0,alpha9:362,11.53,0,1,alpha9,1.0,0.0,0.5,1.0,0.625
43,2,2,0,2,1,3to2,1,ACETATE_ANION,12,0,alpha9:252;alpha9:255;alpha9:306;alpha9:309;alpha9:310;alpha9:312;alpha9:316;alpha9:462;alpha9:463;alpha9:466,12.09,2.9,1,alpha9,1.0,0.0,0.5,1.0,0.625
44,1,1,0,1,1,2to3,1,ACETATE_ANION,2,0,alpha9:305;alpha9:473,12.82,0,1,alpha9,1.0,0.0,0.5,1.0,0.625
45,1,1,1,0,1,3to2,1,ACETATE_ANION,1,0,alpha10:449,3.46,0,1,alpha10,1.0,0.5,0.5,1.0,0.75
46,1,1,0,1,1,3to2,1,ACETATE_ANION,2,0,alpha9:10;alpha9:14,9.61,0,1,alpha9,1.0,0.0,0.5,1.0,0.625
