classification,evidence_score,selectivity_score,site_id,subtype_score
LOW_CONFIDENCE,0.3882,0.3473,1,0.286
LOW_CONFIDENCE,0.3565,0.3283,2,0.286
LOW_CONFIDENCE,0.3055,0.2977,3,0.286
LOW_CONFIDENCE,0.3725,0.3379,4,0.286
INTERMEDIATE,0.5107,0.4208,5,0.286
LOW_CONFIDENCE,0.3685,0.3355,6,0.286
LOW_CONFIDENCE,0.4757,0.3998,7,0.286
LOW_CONFIDENCE,0.3107,0.3008,8,0.286
LOW_CONFIDENCE,0.3313,0.3132,9,0.286
LOW_CONFIDENCE,0.3711,0.3371,10,0.286
LOW_CONFIDENCE,0.3208,0.3069,11,0.286
LOW_CONFIDENCE,0.3208,0.3069,12,0.286
LOW_CONFIDENCE,0.4603,0.3906,13,0.286
LOW_CONFIDENCE,0.383,0.3442,14,0.286
LOW_CONFIDENCE,0.383,0.3442,15,0.286
LOW_CONFIDENCE,0.3708,0.3369,16,0.286
LOW_CONFIDENCE,0.4241,0.3689,17,0.286
LOW_CONFIDENCE,0.4135,0.3625,18,0.286
LOW_CONFIDENCE,0.4292,0.3719,19,0.286
LOW_CONFIDENCE,0.4395,0.3781,20,0.286
INTERMEDIATE,0.535,0.4354,21,0.286
LOW_CONFIDENCE,0.4375,0.3769,22,0.286
INTERMEDIATE,0.6272,0.4907,23,0.286
LOW_CONFIDENCE,0.3826,0.344,24,0.286
LOW_CONFIDENCE,0.4513,0.3852,25,0.286
LOW_CONFIDENCE,0.41,0.3604,26,0.286
LOW_CONFIDENCE,0.3826,0.344,27,0.286
LOW_CONFIDENCE,0.3334,0.3144,28,0.286
REJECTED,0.2919,0.2895,29,0.286
LOW_CONFIDENCE,0.3602,0.3305,30,0.286
LOW_CONFIDENCE,0.3023,0.2958,31,0.286
REJECTED,0.2561,0.2681,32,0.286
REJECTED,0.2561,0.2681,33,0.286
LOW_CONFIDENCE,0.4767,0.4004,34,0.286
LOW_CONFIDENCE,0.3966,0.3524,35,0.286
LOW_CONFIDENCE,0.3498,0.3243,36,0.286
LOW_CONFIDENCE,0.3323,0.3138,37,0.286
LOW_CONFIDENCE,0.3947,0.3512,38,0.286
LOW_CONFIDENCE,0.3285,0.3115,39,0.286
LOW_CONFIDENCE,0.3933,0.3504,40,0.286
REJECTED,0.2793,0.282,41,0.286
REJECTED,0.2542,0.2669,42,0.286
LOW_CONFIDENCE,0.3622,0.3317,43,0.286
REJECTED,0.2819,0.2835,44,0.286
REJECTED,0.2561,0.2681,45,0.286
REJECTED,0.2668,0.2745,46,0.286
