site,n_contact_residues,n_core,n_peripheral,n_ECD,n_TM,core_residues,top_residue,top_frequency
0,0,0,0,0,0,,,0
1,4,4,0,4,0,alpha10:126;alpha10:128;alpha10:129;alpha9:129,alpha10:126,1.0
2,3,3,0,3,0,alpha9:110;alpha9:129;alpha9:132,alpha9:110,1.0
3,15,9,1,15,0,alpha9:118;alpha9:128;alpha9:83;alpha9:119;alpha9:122;alpha9:173;alpha9:117;alpha9:149;alpha9:151,alpha9:118,1.0
4,5,5,0,3,2,alpha9:161;alpha9:164;alpha9:166;alpha9:477;alpha9:476,alpha9:161,1.0
5,11,2,3,11,0,alpha9:57;alpha9:55,alpha9:57,0.971
6,6,6,0,3,3,alpha9:186;alpha9:184;alpha9:212;alpha9:214;alpha9:223;alpha9:187,alpha9:186,1.0
7,9,3,1,9,0,alpha10:56;alpha10:185;alpha10:54,alpha10:56,0.9524
8,9,5,3,9,0,alpha10:85;alpha10:86;alpha10:87;alpha10:141;alpha10:58,alpha10:85,0.8571
9,1,1,0,1,0,alpha10:58,alpha10:58,1.0
10,7,7,0,7,0,alpha10:154;alpha10:155;alpha10:156;alpha10:157;alpha10:165;alpha10:166;alpha10:167,alpha10:154,1.0
11,1,1,0,1,0,alpha10:167,alpha10:167,1.0
12,1,1,0,1,0,alpha10:110,alpha10:110,1.0
13,20,12,4,20,0,alpha10:84;alpha10:116;alpha10:117;alpha10:127;alpha10:144;alpha10:172;alpha10:82;alpha10:118;alpha10:148;alpha10:146;alpha10:128;alpha10:129,alpha10:84,1.0
14,13,13,0,13,0,alpha10:117;alpha10:118;alpha10:121;alpha10:123;alpha10:125;alpha10:126;alpha10:127;alpha10:175;alpha9:131;alpha9:133;alpha9:148;alpha9:80;alpha10:124,alpha10:117,1.0
15,9,9,0,9,0,alpha10:123;alpha10:125;alpha10:151;alpha10:75;alpha10:122;alpha9:68;alpha10:124;alpha10:129;alpha10:149,alpha10:123,1.0
16,9,7,2,9,0,alpha10:40;alpha10:41;alpha10:90;alpha9:19;alpha9:23;alpha9:29;alpha9:32,alpha10:40,1.0
17,10,7,1,10,0,alpha9:47;alpha9:106;alpha9:104;alpha9:105;alpha9:178;alpha9:52;alpha9:182,alpha9:47,1.0
18,16,6,4,15,1,alpha9:106;alpha10:46;alpha9:104;alpha9:105;alpha10:51;alpha10:181,alpha9:106,1.0
19,21,9,6,17,4,alpha10:103;alpha10:105;alpha10:181;alpha10:46;alpha10:102;alpha10:104;alpha10:177;alpha10:45;alpha10:51,alpha10:103,1.0
20,12,5,7,8,4,alpha10:137;alpha10:143;alpha9:222;alpha10:85;alpha10:135,alpha10:137,1.0
21,23,7,5,21,2,alpha10:105;alpha10:103;alpha9:182;alpha9:47;alpha10:104;alpha9:52;alpha9:178,alpha10:105,1.0
22,22,9,4,16,6,alpha9:84;alpha9:146;alpha9:176;alpha9:82;alpha9:120;alpha9:177;alpha9:224;alpha9:219;alpha9:217,alpha9:84,1.0
23,46,9,4,36,10,alpha9:176;alpha10:145;alpha10:83;alpha9:120;alpha10:81;alpha9:224;alpha9:175;alpha9:217;alpha10:143,alpha9:176,0.9452
24,10,10,0,6,4,alpha10:171;alpha10:212;alpha9:196;alpha9:197;alpha9:198;alpha10:119;alpha10:120;alpha10:214;alpha10:216;alpha10:225,alpha10:171,1.0
25,25,8,5,18,7,alpha10:175;alpha9:82;alpha9:146;alpha9:84;alpha10:223;alpha10:216;alpha10:119;alpha10:174,alpha10:175,0.9677
26,21,10,4,14,7,alpha10:83;alpha10:175;alpha10:216;alpha10:81;alpha10:145;alpha10:223;alpha10:119;alpha10:174;alpha10:218;alpha10:219,alpha10:83,0.85
27,11,11,0,11,0,alpha9:42;alpha9:43;alpha10:34;alpha10:110;alpha9:44;alpha10:31;alpha9:37;alpha9:38;alpha9:41;alpha9:91;alpha9:93,alpha9:42,1.0
28,2,2,0,1,1,alpha10:187;alpha9:221,alpha10:187,1.0
29,4,4,0,0,4,alpha10:293;alpha9:204;alpha9:236;alpha9:237,alpha10:293,1.0
30,19,19,0,9,10,alpha10:72;alpha10:291;alpha9:69;alpha9:70;alpha9:202;alpha10:286;alpha10:289;alpha9:72;alpha9:239;alpha9:240;alpha9:289;alpha10:73;alpha10:74;alpha10:153;alpha9:67;alpha9:68;alpha9:200;alpha9:201;alpha9:203,alpha10:72,1.0
31,16,6,10,2,14,alpha10:239;alpha10:242;alpha10:243;alpha10:288;alpha10:238;alpha9:287,alpha10:239,1.0
32,1,1,0,0,1,alpha10:273,alpha10:273,1.0
33,1,1,0,0,1,alpha10:280,alpha10:280,1.0
34,16,8,2,0,16,alpha10:273;alpha9:274;alpha10:276;alpha9:277;alpha9:270;alpha10:269;alpha9:266;alpha10:265,alpha10:273,0.9875
35,11,4,0,0,11,alpha9:281;alpha10:280;alpha9:277;alpha10:276,alpha9:281,0.8276
36,7,7,0,0,7,alpha10:250;alpha10:277;alpha10:281;alpha9:276;alpha9:277;alpha9:280;alpha9:307,alpha10:250,1.0
37,1,1,0,0,1,alpha10:287,alpha10:287,1.0
38,8,5,3,0,8,alpha10:287;alpha9:288;alpha9:284;alpha10:284;alpha10:283,alpha10:287,1.0
39,2,1,1,1,1,alpha9:288,alpha9:288,1.0
40,7,4,3,0,7,alpha10:406;alpha10:409;alpha9:435;alpha9:438,alpha10:406,1.0
41,3,3,0,0,3,alpha10:412;alpha10:416;alpha9:442,alpha10:412,1.0
42,1,1,0,0,1,alpha9:362,alpha9:362,1.0
43,12,12,0,0,12,alpha9:309;alpha9:463;alpha9:466;alpha9:252;alpha9:255;alpha9:306;alpha9:310;alpha9:467;alpha9:470;alpha9:312;alpha9:316;alpha9:462,alpha9:309,1.0
44,2,2,0,0,2,alpha9:305;alpha9:473,alpha9:305,1.0
45,1,1,0,0,1,alpha10:449,alpha10:449,1.0
46,2,2,0,2,0,alpha9:10;alpha9:14,alpha9:10,1.0
