site,pose_cluster,method,stoichiometry,ligand,seed,sample,receptor_rmsd,chain_map,symmetry_op,confidence,ligand_confidence,n_contact_residues,subunits,domains,cx,cy,cz,contacts
16,1,Boltz2,2to3,DASC_ANION,101,2,12.03,BACDE,proper,0.7404505610466003,0.3254214823246002,7,alpha10+alpha9,ECD|other,-33.97,16.35,53.83,alpha10:40;alpha10:41;alpha10:90;alpha9:19;alpha9:23;alpha9:29;alpha9:32
16,1,Boltz2,2to3,LASC_ANION,101,1,12.04,BACDE,proper,0.7405277490615845,0.3233231008052826,7,alpha10+alpha9,ECD|other,-33.94,16.38,53.83,alpha10:40;alpha10:41;alpha10:90;alpha9:19;alpha9:23;alpha9:29;alpha9:32
18,1,Boltz2,2to3,ACETATE_ANION,202,0,11.95,BACDE,proper,0.7405503392219543,0.3385433256626129,6,alpha10+alpha9,ECD,-21.6,15.98,49.85,alpha10:45;alpha10:46;alpha9:31;alpha9:104;alpha9:105;alpha9:106
18,1,Boltz2,3to2,ACETATE_ANION,101,0,13.52,BACDE,proper,0.7319113612174988,0.35958945751190186,7,alpha10+alpha9,ECD,-15.62,42.04,36.21,alpha10:46;alpha10:51;alpha9:31;alpha9:102;alpha9:104;alpha9:105;alpha9:106
21,1,Boltz2,2to3,ACETATE_ANION,101,2,11.81,BADEC,proper,0.7293750643730164,0.3485097289085388,6,alpha10+alpha9,ECD,-22.41,40.49,32.91,alpha10:30;alpha10:103;alpha10:105;alpha9:47;alpha9:52;alpha9:178
22,1,Boltz2,3to2,DASC_ANION,303,2,11.63,ACBED,proper,0.7319590449333191,0.3734820783138275,8,alpha9,ECD,-38.24,1.39,24.05,alpha9:82;alpha9:84;alpha9:120;alpha9:146;alpha9:176;alpha9:177;alpha9:219;alpha9:224
22,1,Boltz2,3to2,OETHYL_USER_SUPPLIED,101,2,15.0,ACBED,proper,0.7266075015068054,0.4519830048084259,12,alpha9,ECD,-38.78,1.78,22.07,alpha9:63;alpha9:82;alpha9:84;alpha9:120;alpha9:146;alpha9:175;alpha9:176;alpha9:177;alpha9:178;alpha9:217;alpha9:219;alpha9:224
22,1,Boltz2,3to2,OETHYL_USER_SUPPLIED,202,2,10.58,ACBED,proper,0.7389972805976868,0.4176037609577179,15,alpha9,ECD|other,-38.89,0.67,21.99,alpha9:15;alpha9:19;alpha9:63;alpha9:82;alpha9:84;alpha9:120;alpha9:146;alpha9:176;alpha9:177;alpha9:193;alpha9:195;alpha9:196;alpha9:217;alpha9:219;alpha9:224
23,1,Boltz2,2to3,ACETATE_ANION,303,2,10.29,ABDEC,proper,0.7305473685264587,0.259255051612854,12,alpha10+alpha9,other|ECD,-12.63,40.34,22.38,alpha10:1;alpha10:2;alpha10:3;alpha10:4;alpha10:5;alpha10:6;alpha10:7;alpha10:83;alpha10:143;alpha10:145;alpha9:219;alpha9:224
23,1,Boltz2,2to3,DASC_ANION,101,0,8.27,BACDE,proper,0.7440698742866516,0.39777496457099915,11,alpha10+alpha9,ECD,-13.16,37.09,19.3,alpha10:81;alpha10:83;alpha10:143;alpha10:145;alpha9:120;alpha9:175;alpha9:176;alpha9:217;alpha9:219;alpha9:220;alpha9:224
23,1,Boltz2,2to3,OETHYL_USER_SUPPLIED,202,1,13.04,BACDE,proper,0.7478974461555481,0.4399201273918152,14,alpha10+alpha9,ECD|other,-13.35,36.9,18.79,alpha10:15;alpha10:16;alpha10:17;alpha10:18;alpha10:60;alpha10:62;alpha10:81;alpha10:83;alpha10:143;alpha10:145;alpha9:120;alpha9:175;alpha9:176;alpha9:217
23,1,Boltz2,2to3,LASC_ANION,101,0,8.22,BACDE,proper,0.7442982792854309,0.39326614141464233,11,alpha10+alpha9,ECD,-13.16,37.08,19.3,alpha10:81;alpha10:83;alpha10:143;alpha10:145;alpha9:120;alpha9:175;alpha9:176;alpha9:217;alpha9:219;alpha9:220;alpha9:224
23,1,Boltz2,2to3,LASC_NEUTRAL,101,0,8.3,BACDE,proper,0.7488763928413391,0.406233549118042,11,alpha10+alpha9,ECD,-13.18,37.09,19.25,alpha10:81;alpha10:83;alpha10:143;alpha10:145;alpha9:120;alpha9:175;alpha9:176;alpha9:217;alpha9:219;alpha9:220;alpha9:224
23,2,Boltz2,2to3,DASC_ANION,202,0,12.09,BACDE,proper,0.7449524402618408,0.4039035141468048,11,alpha10+alpha9,ECD,-26.15,-9.16,33.17,alpha10:81;alpha10:83;alpha10:143;alpha10:145;alpha9:120;alpha9:175;alpha9:176;alpha9:217;alpha9:219;alpha9:220;alpha9:224
23,2,Boltz2,2to3,DASC_ANION,303,0,11.17,BACDE,proper,0.7435936331748962,0.44616588950157166,10,alpha10+alpha9,ECD,-24.38,-8.47,34.81,alpha10:62;alpha10:81;alpha10:83;alpha10:145;alpha9:120;alpha9:175;alpha9:176;alpha9:217;alpha9:219;alpha9:224
23,2,Boltz2,2to3,DASC_ANION,303,1,11.32,BACDE,proper,0.7413732409477234,0.43374037742614746,10,alpha10+alpha9,ECD,-27.72,-8.43,33.73,alpha10:81;alpha10:83;alpha10:143;alpha10:145;alpha9:120;alpha9:175;alpha9:176;alpha9:217;alpha9:219;alpha9:224
23,2,Boltz2,2to3,OETHYL_USER_SUPPLIED,101,1,11.79,BACDE,proper,0.7476343512535095,0.5080671906471252,15,alpha10+alpha9,ECD|other,-24.64,-8.7,34.57,alpha10:14;alpha10:15;alpha10:16;alpha10:17;alpha10:60;alpha10:62;alpha10:81;alpha10:82;alpha10:83;alpha10:145;alpha10:195;alpha9:120;alpha9:175;alpha9:176;alpha9:217
23,2,Boltz2,2to3,OETHYL_USER_SUPPLIED,202,0,12.03,BACDE,proper,0.7512331604957581,0.48628589510917664,14,alpha10+alpha9,ECD,-25.83,-9.17,33.27,alpha10:62;alpha10:81;alpha10:83;alpha10:143;alpha10:145;alpha10:195;alpha9:120;alpha9:175;alpha9:176;alpha9:177;alpha9:178;alpha9:217;alpha9:219;alpha9:224
23,2,Boltz2,2to3,OETHYL_USER_SUPPLIED,202,2,10.68,BACDE,proper,0.7437970042228699,0.4532962143421173,18,alpha10+alpha9,ECD|other,-29.32,-9.54,32.32,alpha10:11;alpha10:13;alpha10:14;alpha10:15;alpha10:16;alpha10:17;alpha10:18;alpha10:19;alpha10:83;alpha10:145;alpha9:120;alpha9:175;alpha9:176;alpha9:177;alpha9:178;alpha9:215;alpha9:224;alpha9:226
23,2,Boltz2,2to3,OETHYL_USER_SUPPLIED,303,0,10.98,BACDE,proper,0.7503527402877808,0.4978022575378418,12,alpha10+alpha9,ECD,-23.68,-8.85,34.38,alpha10:62;alpha10:81;alpha10:83;alpha10:145;alpha10:195;alpha9:120;alpha9:175;alpha9:176;alpha9:177;alpha9:218;alpha9:219;alpha9:224
23,2,Boltz2,2to3,OETHYL_USER_SUPPLIED,303,2,10.5,ABDEC,improper,0.7405180335044861,0.42821818590164185,17,alpha10+alpha9,ECD|other,-31.23,-8.48,31.48,alpha10:2;alpha10:3;alpha10:4;alpha10:6;alpha10:7;alpha10:83;alpha10:143;alpha10:145;alpha9:120;alpha9:175;alpha9:176;alpha9:177;alpha9:178;alpha9:179;alpha9:224;alpha9:225;alpha9:226
23,2,Boltz2,2to3,LASC_ANION,202,0,12.09,BACDE,proper,0.744480550289154,0.40298280119895935,11,alpha10+alpha9,ECD,-26.15,-9.16,33.16,alpha10:81;alpha10:83;alpha10:143;alpha10:145;alpha9:120;alpha9:175;alpha9:176;alpha9:217;alpha9:219;alpha9:220;alpha9:224
23,2,Boltz2,2to3,LASC_ANION,303,0,11.17,BACDE,proper,0.7430118918418884,0.4203338027000427,10,alpha10+alpha9,ECD,-24.39,-8.46,34.83,alpha10:62;alpha10:81;alpha10:83;alpha10:145;alpha9:120;alpha9:175;alpha9:176;alpha9:217;alpha9:219;alpha9:224
23,2,Boltz2,2to3,LASC_ANION,303,1,11.33,BACDE,proper,0.7419185042381287,0.42131945490837097,10,alpha10+alpha9,ECD,-27.73,-8.37,33.65,alpha10:81;alpha10:83;alpha10:143;alpha10:145;alpha9:120;alpha9:175;alpha9:176;alpha9:217;alpha9:219;alpha9:224
23,2,Boltz2,2to3,LASC_NEUTRAL,202,0,12.08,BACDE,proper,0.7492400407791138,0.4232032001018524,11,alpha10+alpha9,ECD,-26.15,-9.16,33.15,alpha10:81;alpha10:83;alpha10:143;alpha10:145;alpha9:120;alpha9:175;alpha9:176;alpha9:217;alpha9:219;alpha9:220;alpha9:224
23,2,Boltz2,2to3,LASC_NEUTRAL,303,0,11.1,BACDE,proper,0.747836709022522,0.4293055832386017,10,alpha10+alpha9,ECD,-24.37,-8.49,34.9,alpha10:62;alpha10:81;alpha10:83;alpha10:145;alpha9:120;alpha9:175;alpha9:176;alpha9:217;alpha9:219;alpha9:224
23,2,Boltz2,2to3,LASC_NEUTRAL,303,1,11.34,BACDE,proper,0.7466086745262146,0.4338317811489105,10,alpha10+alpha9,ECD,-27.7,-8.46,33.73,alpha10:81;alpha10:83;alpha10:143;alpha10:145;alpha9:120;alpha9:175;alpha9:176;alpha9:217;alpha9:219;alpha9:224
23,3,Boltz2,2to3,LASC_NEUTRAL,202,2,10.8,BACDE,proper,0.7425985336303711,0.3507772386074066,14,alpha10+alpha9,ECD|other,-29.83,-10.58,40.79,alpha10:14;alpha10:15;alpha10:16;alpha10:17;alpha10:18;alpha10:19;alpha10:20;alpha10:83;alpha10:143;alpha10:145;alpha9:219;alpha9:220;alpha9:222;alpha9:224
23,1,Boltz2,3to2,DASC_ANION,101,0,11.13,BACDE,proper,0.7404460310935974,0.42106157541275024,10,alpha10+alpha9,ECD,-18.18,39.98,-1.5,alpha10:81;alpha10:83;alpha10:143;alpha10:145;alpha9:120;alpha9:175;alpha9:176;alpha9:177;alpha9:217;alpha9:224
23,1,Boltz2,3to2,DASC_ANION,101,1,13.78,BACDE,proper,0.7354643940925598,0.42710500955581665,11,alpha10+alpha9,ECD|other,-18.75,37.87,-0.94,alpha10:1;alpha10:2;alpha10:3;alpha10:4;alpha10:81;alpha10:145;alpha9:120;alpha9:175;alpha9:176;alpha9:177;alpha9:217
23,1,Boltz2,3to2,DASC_ANION,101,2,10.66,BACDE,proper,0.7300348281860352,0.4098297655582428,9,alpha10+alpha9,ECD,-17.33,41.23,-0.5,alpha10:81;alpha10:83;alpha10:143;alpha10:145;alpha9:120;alpha9:175;alpha9:176;alpha9:217;alpha9:224
23,1,Boltz2,3to2,DASC_ANION,202,1,13.39,BACDE,proper,0.738701343536377,0.41585543751716614,10,alpha10+alpha9,ECD,-18.77,39.4,-1.75,alpha10:81;alpha10:83;alpha10:143;alpha10:145;alpha9:120;alpha9:175;alpha9:176;alpha9:217;alpha9:219;alpha9:224
23,1,Boltz2,3to2,DASC_ANION,202,2,14.4,BACDE,proper,0.7381202578544617,0.4000989496707916,10,alpha10+alpha9,ECD,-18.85,39.33,-1.85,alpha10:81;alpha10:83;alpha10:145;alpha9:120;alpha9:175;alpha9:176;alpha9:217;alpha9:219;alpha9:220;alpha9:224
23,1,Boltz2,3to2,DASC_ANION,303,0,12.06,BACDE,proper,0.7418268322944641,0.45076313614845276,11,alpha10+alpha9,ECD|other,-20.06,37.53,-1.01,alpha10:2;alpha10:3;alpha10:6;alpha10:7;alpha10:81;alpha10:83;alpha10:145;alpha9:120;alpha9:175;alpha9:176;alpha9:177
23,1,Boltz2,3to2,DASC_ANION,303,1,15.24,BACDE,proper,0.7329449653625488,0.4309290945529938,10,alpha10+alpha9,ECD,-17.84,39.48,-1.13,alpha10:81;alpha10:83;alpha10:143;alpha10:145;alpha9:120;alpha9:175;alpha9:176;alpha9:217;alpha9:219;alpha9:224
23,1,Boltz2,3to2,OETHYL_USER_SUPPLIED,202,0,14.2,BACDE,proper,0.7460543513298035,0.46838873624801636,14,alpha10+alpha9,ECD,-18.7,39.18,-1.98,alpha10:81;alpha10:83;alpha10:145;alpha9:120;alpha9:175;alpha9:176;alpha9:177;alpha9:178;alpha9:215;alpha9:217;alpha9:219;alpha9:224;alpha9:225;alpha9:226
23,1,Boltz2,3to2,OETHYL_USER_SUPPLIED,202,1,13.27,BACDE,proper,0.7454033493995667,0.4731297492980957,11,alpha10+alpha9,ECD,-19.09,39.07,-2.42,alpha10:62;alpha10:81;alpha10:83;alpha10:143;alpha10:145;alpha10:195;alpha9:120;alpha9:176;alpha9:177;alpha9:217;alpha9:224
23,1,Boltz2,3to2,OETHYL_USER_SUPPLIED,303,0,11.54,BACDE,proper,0.7495967745780945,0.5125008225440979,15,alpha10+alpha9,ECD|other,-19.68,37.95,-1.61,alpha10:6;alpha10:9;alpha10:10;alpha10:13;alpha10:14;alpha10:17;alpha10:62;alpha10:81;alpha10:83;alpha10:145;alpha10:195;alpha9:120;alpha9:175;alpha9:176;alpha9:177
23,1,Boltz2,3to2,OETHYL_USER_SUPPLIED,303,1,13.55,BACDE,improper,0.7464208006858826,0.4623268246650696,13,alpha10+alpha9,ECD,-20.27,38.95,-2.95,alpha10:62;alpha10:81;alpha10:83;alpha10:143;alpha10:145;alpha10:195;alpha9:120;alpha9:175;alpha9:176;alpha9:177;alpha9:217;alpha9:219;alpha9:224
23,1,Boltz2,3to2,OETHYL_USER_SUPPLIED,303,2,14.19,BACDE,proper,0.7385782599449158,0.4665215313434601,12,alpha10+alpha9,ECD,-17.7,39.57,-1.35,alpha10:81;alpha10:83;alpha10:143;alpha10:145;alpha10:195;alpha9:120;alpha9:175;alpha9:176;alpha9:177;alpha9:217;alpha9:219;alpha9:224
23,1,Boltz2,3to2,LASC_ANION,101,0,13.85,BACDE,proper,0.7390838861465454,0.4338860511779785,11,alpha10+alpha9,ECD|other,-19.11,37.85,-1.49,alpha10:1;alpha10:2;alpha10:3;alpha10:4;alpha10:62;alpha10:81;alpha10:83;alpha10:145;alpha9:120;alpha9:175;alpha9:176
23,1,Boltz2,3to2,LASC_ANION,101,1,10.99,BACDE,proper,0.7335526347160339,0.4046284258365631,9,alpha10+alpha9,ECD,-17.86,41.02,-0.45,alpha10:81;alpha10:83;alpha10:145;alpha9:120;alpha9:175;alpha9:176;alpha9:177;alpha9:217;alpha9:224
23,1,Boltz2,3to2,LASC_ANION,101,2,10.66,BACDE,proper,0.7279646992683411,0.4119144678115845,9,alpha10+alpha9,ECD,-17.34,41.22,-0.5,alpha10:81;alpha10:83;alpha10:143;alpha10:145;alpha9:120;alpha9:175;alpha9:176;alpha9:217;alpha9:224
23,1,Boltz2,3to2,LASC_ANION,202,0,13.37,BACDE,proper,0.7379218935966492,0.4237116873264313,10,alpha10+alpha9,ECD,-18.78,39.37,-1.76,alpha10:81;alpha10:83;alpha10:143;alpha10:145;alpha9:120;alpha9:175;alpha9:176;alpha9:217;alpha9:219;alpha9:224
23,1,Boltz2,3to2,LASC_ANION,202,1,13.93,BACDE,proper,0.7366182208061218,0.40745845437049866,10,alpha10+alpha9,ECD,-18.8,39.41,-1.72,alpha10:81;alpha10:83;alpha10:145;alpha9:120;alpha9:175;alpha9:176;alpha9:217;alpha9:219;alpha9:220;alpha9:224
23,1,Boltz2,3to2,LASC_ANION,303,0,12.02,BACDE,proper,0.7415276169776917,0.456991583108902,10,alpha10+alpha9,ECD|other,-19.81,37.85,-0.82,alpha10:3;alpha10:6;alpha10:7;alpha10:81;alpha10:83;alpha10:145;alpha9:120;alpha9:175;alpha9:176;alpha9:177
23,1,Boltz2,3to2,LASC_ANION,303,2,15.55,BACDE,proper,0.7311564087867737,0.4264964163303375,10,alpha10+alpha9,ECD,-17.94,39.37,-1.27,alpha10:81;alpha10:83;alpha10:143;alpha10:145;alpha9:120;alpha9:175;alpha9:176;alpha9:217;alpha9:219;alpha9:224
23,1,Boltz2,3to2,LASC_NEUTRAL,101,0,11.63,BACDE,proper,0.7453103065490723,0.42740240693092346,10,alpha10+alpha9,ECD,-18.33,39.56,-1.91,alpha10:81;alpha10:83;alpha10:143;alpha10:145;alpha9:120;alpha9:175;alpha9:176;alpha9:177;alpha9:217;alpha9:224
23,1,Boltz2,3to2,LASC_NEUTRAL,101,1,14.14,BACDE,proper,0.7424364686012268,0.426216185092926,11,alpha10+alpha9,ECD|other,-18.17,37.95,-0.87,alpha10:1;alpha10:2;alpha10:3;alpha10:4;alpha10:62;alpha10:81;alpha10:145;alpha9:120;alpha9:175;alpha9:176;alpha9:177
23,1,Boltz2,3to2,LASC_NEUTRAL,101,2,10.68,BACDE,proper,0.7338990569114685,0.41982561349868774,8,alpha10+alpha9,ECD,-17.38,41.22,-0.63,alpha10:81;alpha10:83;alpha10:143;alpha10:145;alpha9:120;alpha9:176;alpha9:217;alpha9:224
23,1,Boltz2,3to2,LASC_NEUTRAL,202,0,14.41,BACDE,proper,0.7421614527702332,0.4150688946247101,9,alpha10+alpha9,ECD,-18.83,39.37,-1.84,alpha10:81;alpha10:83;alpha10:145;alpha9:120;alpha9:175;alpha9:176;alpha9:217;alpha9:219;alpha9:224
23,1,Boltz2,3to2,LASC_NEUTRAL,202,1,13.49,BACDE,proper,0.7415003776550293,0.41971832513809204,10,alpha10+alpha9,ECD,-18.77,39.37,-1.94,alpha10:81;alpha10:83;alpha10:143;alpha10:145;alpha9:120;alpha9:175;alpha9:176;alpha9:217;alpha9:219;alpha9:224
23,1,Boltz2,3to2,LASC_NEUTRAL,303,0,12.28,BACDE,proper,0.7443565726280212,0.46726086735725403,11,alpha10+alpha9,ECD|other,-20.42,37.38,-1.05,alpha10:2;alpha10:3;alpha10:6;alpha10:7;alpha10:81;alpha10:83;alpha10:145;alpha9:120;alpha9:175;alpha9:176;alpha9:177
23,1,Boltz2,3to2,LASC_NEUTRAL,303,1,13.81,BACDE,proper,0.7411773800849915,0.4532940089702606,10,alpha10+alpha9,ECD,-20.83,38.91,-2.65,alpha10:62;alpha10:81;alpha10:83;alpha10:143;alpha10:145;alpha9:176;alpha9:177;alpha9:217;alpha9:219;alpha9:224
23,1,Boltz2,3to2,LASC_NEUTRAL,303,2,15.76,BACDE,proper,0.7360140681266785,0.4254920184612274,10,alpha10+alpha9,ECD,-17.85,39.24,-1.42,alpha10:81;alpha10:83;alpha10:143;alpha10:145;alpha9:120;alpha9:175;alpha9:176;alpha9:217;alpha9:219;alpha9:224
25,1,Boltz2,2to3,DASC_ANION,101,1,11.92,BACDE,proper,0.7404824495315552,0.4086264967918396,10,alpha10+alpha9,ECD,-8.13,14.31,41.78,alpha10:119;alpha10:174;alpha10:175;alpha10:176;alpha10:216;alpha10:223;alpha9:82;alpha9:84;alpha9:146;alpha9:196
25,1,Boltz2,2to3,DASC_ANION,202,1,12.78,BACDE,proper,0.741653561592102,0.42020800709724426,10,alpha10+alpha9,ECD,-8.18,15.21,40.94,alpha10:119;alpha10:174;alpha10:175;alpha10:216;alpha10:223;alpha9:63;alpha9:82;alpha9:84;alpha9:146;alpha9:196
25,1,Boltz2,2to3,DASC_ANION,202,2,10.79,BACDE,proper,0.7366620898246765,0.39628124237060547,9,alpha10+alpha9,ECD,-8.24,13.59,42.14,alpha10:119;alpha10:174;alpha10:175;alpha10:176;alpha10:216;alpha10:223;alpha9:82;alpha9:84;alpha9:146
25,1,Boltz2,2to3,LASC_ANION,101,2,11.91,BACDE,proper,0.7401310801506042,0.4004293978214264,10,alpha10+alpha9,ECD,-8.15,14.32,41.8,alpha10:119;alpha10:174;alpha10:175;alpha10:176;alpha10:216;alpha10:223;alpha9:82;alpha9:84;alpha9:146;alpha9:196
25,1,Boltz2,2to3,LASC_ANION,202,1,12.79,BACDE,proper,0.7421512603759766,0.42788931727409363,10,alpha10+alpha9,ECD,-8.17,15.24,40.94,alpha10:119;alpha10:174;alpha10:175;alpha10:216;alpha10:223;alpha9:63;alpha9:82;alpha9:84;alpha9:146;alpha9:196
25,1,Boltz2,2to3,LASC_ANION,202,2,10.77,BACDE,proper,0.736693263053894,0.39257198572158813,9,alpha10+alpha9,ECD,-8.24,13.6,42.13,alpha10:119;alpha10:174;alpha10:175;alpha10:176;alpha10:216;alpha10:223;alpha9:82;alpha9:84;alpha9:146
25,1,Boltz2,2to3,LASC_NEUTRAL,101,1,12.03,BACDE,proper,0.7459044456481934,0.4386023283004761,10,alpha10+alpha9,ECD,-7.06,16.85,39.9,alpha10:175;alpha10:216;alpha10:218;alpha10:219;alpha10:221;alpha10:223;alpha9:63;alpha9:82;alpha9:84;alpha9:146
25,1,Boltz2,2to3,LASC_NEUTRAL,101,2,12.02,BACDE,proper,0.74455326795578,0.40068063139915466,9,alpha10+alpha9,ECD,-8.17,14.26,41.84,alpha10:119;alpha10:174;alpha10:175;alpha10:176;alpha10:216;alpha10:223;alpha9:82;alpha9:84;alpha9:146
25,1,Boltz2,2to3,LASC_NEUTRAL,202,1,12.81,BACDE,proper,0.7467367649078369,0.42039433121681213,9,alpha10+alpha9,ECD,-8.19,15.23,41.05,alpha10:119;alpha10:174;alpha10:175;alpha10:216;alpha10:223;alpha9:63;alpha9:82;alpha9:84;alpha9:146
25,2,Boltz2,2to3,LASC_NEUTRAL,303,2,10.09,ABDEC,proper,0.7345263361930847,0.404182106256485,10,alpha10+alpha9,ECD,-43.41,1.57,7.47,alpha10:119;alpha10:174;alpha10:175;alpha10:216;alpha10:218;alpha10:223;alpha9:82;alpha9:84;alpha9:146;alpha9:196
25,1,Boltz2,3to2,DASC_ANION,202,0,8.72,BACDE,proper,0.7405893802642822,0.42357656359672546,11,alpha10+alpha9,ECD,-4.21,36.17,23.21,alpha10:119;alpha10:174;alpha10:175;alpha10:216;alpha10:218;alpha10:219;alpha10:223;alpha9:63;alpha9:82;alpha9:146;alpha9:147
25,1,Boltz2,3to2,LASC_ANION,303,1,13.77,BACDE,proper,0.7367724180221558,0.39980772137641907,11,alpha10+alpha9,ECD,-5.02,36.92,23.7,alpha10:119;alpha10:174;alpha10:175;alpha10:176;alpha10:177;alpha10:216;alpha10:218;alpha10:223;alpha9:82;alpha9:84;alpha9:146
25,2,Boltz2,3to2,OETHYL_USER_SUPPLIED,101,0,13.79,BACDE,proper,0.7433740496635437,0.5167786478996277,15,alpha10+alpha9,ECD,-39.89,15.56,-2.69,alpha10:119;alpha10:174;alpha10:175;alpha10:216;alpha10:217;alpha10:218;alpha10:223;alpha9:61;alpha9:63;alpha9:82;alpha9:84;alpha9:146;alpha9:147;alpha9:193;alpha9:196
25,2,Boltz2,3to2,OETHYL_USER_SUPPLIED,101,1,10.54,BACDE,proper,0.7380287051200867,0.455356240272522,11,alpha10+alpha9,ECD|other,-40.74,19.19,-4.88,alpha10:119;alpha10:175;alpha10:216;alpha10:218;alpha10:223;alpha9:15;alpha9:19;alpha9:63;alpha9:82;alpha9:84;alpha9:146
25,2,Boltz2,3to2,LASC_ANION,202,2,9.74,ACBED,proper,0.7301816940307617,0.41524142026901245,11,alpha10+alpha9,ECD|other,-40.15,18.19,-3.21,alpha10:119;alpha10:174;alpha10:175;alpha10:216;alpha10:218;alpha10:223;alpha9:19;alpha9:63;alpha9:82;alpha9:84;alpha9:146
25,2,Boltz2,3to2,LASC_NEUTRAL,202,2,9.96,ACBED,improper,0.7344228029251099,0.429920494556427,11,alpha10+alpha9,ECD|other,-40.17,18.12,-3.13,alpha10:119;alpha10:174;alpha10:175;alpha10:216;alpha10:218;alpha10:223;alpha9:19;alpha9:63;alpha9:82;alpha9:84;alpha9:146
26,1,Boltz2,2to3,OETHYL_USER_SUPPLIED,101,0,7.95,BACDE,proper,0.7491478323936462,0.4570009112358093,13,alpha10,ECD,-34.78,26.23,0.29,alpha10:62;alpha10:81;alpha10:83;alpha10:119;alpha10:143;alpha10:145;alpha10:174;alpha10:175;alpha10:176;alpha10:216;alpha10:218;alpha10:219;alpha10:223
26,1,Boltz2,2to3,OETHYL_USER_SUPPLIED,101,2,11.52,ABECD,proper,0.7390546202659607,0.48169538378715515,15,alpha10,ECD,-35.8,24.44,0.23,alpha10:60;alpha10:62;alpha10:81;alpha10:83;alpha10:119;alpha10:143;alpha10:145;alpha10:174;alpha10:175;alpha10:176;alpha10:195;alpha10:216;alpha10:218;alpha10:219;alpha10:223
26,1,Boltz2,2to3,OETHYL_USER_SUPPLIED,303,1,11.19,BACDE,proper,0.7471516132354736,0.506838321685791,15,alpha10,ECD,-35.47,27.74,0.96,alpha10:62;alpha10:81;alpha10:83;alpha10:105;alpha10:119;alpha10:135;alpha10:143;alpha10:145;alpha10:174;alpha10:175;alpha10:176;alpha10:216;alpha10:218;alpha10:219;alpha10:223
26,1,Boltz2,3to2,ACETATE_ANION,202,1,11.09,BACDE,proper,0.7326976656913757,0.28745025396347046,3,alpha10,ECD,-19.06,41.92,-1.95,alpha10:81;alpha10:143;alpha10:145
29,1,Boltz2,3to2,ACETATE_ANION,202,0,12.88,BACDE,proper,0.7360530495643616,0.2610374987125397,4,alpha10+alpha9,ECD|M2-M3,16.05,23.53,6.42,alpha10:293;alpha9:204;alpha9:236;alpha9:237
30,1,Boltz2,2to3,LASC_ANION,303,2,10.14,ABDEC,proper,0.7297946214675903,0.37344855070114136,13,alpha10+alpha9,ECD|M2-M3,-22.7,-2.7,0.36,alpha10:72;alpha10:73;alpha10:74;alpha10:153;alpha10:291;alpha9:67;alpha9:68;alpha9:69;alpha9:70;alpha9:200;alpha9:201;alpha9:202;alpha9:203
31,1,Boltz2,3to2,ACETATE_ANION,303,2,14.4,BACDE,proper,0.723091721534729,0.2886757552623749,7,alpha10+alpha9,M2|M1|ECD,-1.57,9.63,-7.91,alpha10:239;alpha10:242;alpha10:243;alpha10:288;alpha9:73;alpha9:287;alpha9:288
34,1,Boltz2,2to3,DASC_ANION,303,2,10.15,ABDEC,improper,0.7288359999656677,0.5009981989860535,5,alpha10+alpha9,M2,12.98,-7.19,-10.41,alpha10:273;alpha10:276;alpha9:270;alpha9:274;alpha9:277
35,1,Boltz2,2to3,ACETATE_ANION,303,1,11.44,BACDE,proper,0.7372170090675354,0.28586819767951965,2,alpha10+alpha9,M2,12.54,-6.56,-9.62,alpha10:276;alpha9:277
35,1,Boltz2,3to2,ACETATE_ANION,303,1,13.66,BACDE,proper,0.7366921305656433,0.27474454045295715,2,alpha10+alpha9,M2,5.86,-5.28,-3.32,alpha10:280;alpha9:281
36,1,Boltz2,3to2,ACETATE_ANION,303,0,12.33,BACDE,proper,0.7399478554725647,0.27243876457214355,7,alpha10+alpha9,M2|M3|M1,9.7,-1.28,-13.62,alpha10:250;alpha10:277;alpha10:281;alpha9:276;alpha9:277;alpha9:280;alpha9:307
38,1,Boltz2,2to3,ACETATE_ANION,202,2,10.69,BACDE,proper,0.7347456812858582,0.2538354694843292,2,alpha10+alpha9,M2,-0.08,0.48,1.17,alpha10:287;alpha9:288
38,1,Boltz2,2to3,ACETATE_ANION,303,0,11.45,BACDE,proper,0.7384894490242004,0.2536064386367798,2,alpha10+alpha9,M2,-0.77,0.7,0.92,alpha10:287;alpha9:288
41,1,Boltz2,2to3,ACETATE_ANION,101,0,8.35,BACDE,proper,0.7403279542922974,0.2582453489303589,3,alpha10+alpha9,ICD,41.05,-15.33,-23.51,alpha10:412;alpha10:416;alpha9:442
42,1,Boltz2,2to3,ACETATE_ANION,101,1,11.53,BACDE,proper,0.7377824783325195,0.24369676411151886,1,alpha9,ICD,53.66,-21.89,-19.51,alpha9:362
43,1,Boltz2,3to2,ACETATE_ANION,101,1,13.54,ACBED,improper,0.7300819158554077,0.2837687134742737,9,alpha9,M4|M3|M1,-4.08,-23.17,-11.47,alpha9:252;alpha9:255;alpha9:306;alpha9:309;alpha9:310;alpha9:463;alpha9:466;alpha9:467;alpha9:470
43,2,Boltz2,3to2,ACETATE_ANION,101,2,10.64,BACDE,proper,0.7293223738670349,0.24704861640930176,6,alpha9,M3|M4,23.35,6.66,-22.33,alpha9:309;alpha9:312;alpha9:316;alpha9:462;alpha9:463;alpha9:466
44,1,Boltz2,2to3,ACETATE_ANION,202,1,12.82,BACDE,proper,0.7387329339981079,0.2490820437669754,2,alpha9,M3|M4,22.71,16.09,3.32,alpha9:305;alpha9:473
46,1,Boltz2,3to2,ACETATE_ANION,202,2,9.61,ACBED,proper,0.7305238842964172,0.2442249059677124,2,alpha9,other,-61.4,15.82,-0.23,alpha9:10;alpha9:14
