site,l_asc_models,acetate_models,d_asc_models,l_asc_enrichment,acetate_enrichment,d_asc_enrichment,l_asc_contacts,acetate_contacts,d_asc_contacts,shared_l_asc_acetate,charge_jaccard,charge_discrimination,charge_class,stereo_jaccard,stereo_discrimination,stereo_class
1,0,0,0,0,0,0,,,,,0,1.0,PARTIAL_DISCRIMINATION,0,1.0,PARTIAL_STEREOSELECTIVITY
2,1,0,0,3.659,0,0,alpha9:110;alpha9:129;alpha9:132,,,,0.0,1.0,MOLECULAR_RECOGNITION,0.0,1.0,STEREOSPECIFIC
3,1,1,1,0.61,2.403,2.439,alpha9:117;alpha9:118;alpha9:119;alpha9:122;alpha9:128;alpha9:149;alpha9:151;alpha9:173;alpha9:83;alpha9:85,alpha9:117;alpha9:118;alpha9:119;alpha9:122;alpha9:128;alpha9:148;alpha9:176;alpha9:80;alpha9:83,alpha9:117;alpha9:118;alpha9:119;alpha9:122;alpha9:128;alpha9:149;alpha9:151;alpha9:173;alpha9:83,alpha9:117;alpha9:118;alpha9:119;alpha9:122;alpha9:128;alpha9:83,0.4615,0.5385,PARTIAL_DISCRIMINATION,0.9,0.1,NON_STEREOSPECIFIC
4,0,0,0,0,0,0,,,,,0,1.0,PARTIAL_DISCRIMINATION,0,1.0,PARTIAL_STEREOSELECTIVITY
5,1,0,1,2.545,0,1.909,alpha9:186;alpha9:54;alpha9:55;alpha9:57,,alpha9:186;alpha9:54;alpha9:55;alpha9:57,,0.0,1.0,MOLECULAR_RECOGNITION,1.0,0.0,NON_STEREOSPECIFIC
6,1,0,0,1.83,0,0,alpha9:184;alpha9:186;alpha9:212;alpha9:214;alpha9:223,,,,0.0,1.0,MOLECULAR_RECOGNITION,0.0,1.0,STEREOSPECIFIC
7,1,0,1,2.614,0,1.394,alpha10:185;alpha10:53;alpha10:54;alpha10:56,,alpha10:185;alpha10:53;alpha10:54;alpha10:56,,0.0,1.0,MOLECULAR_RECOGNITION,1.0,0.0,NON_STEREOSPECIFIC
8,1,1,1,0.523,1.03,2.091,alpha10:139;alpha10:141;alpha10:86;alpha10:87,alpha10:141;alpha10:56;alpha10:58;alpha10:85;alpha10:86;alpha10:87,alpha10:139;alpha10:141;alpha10:187;alpha10:85;alpha10:86;alpha10:87,alpha10:141;alpha10:86;alpha10:87,0.4286,0.5714,PARTIAL_DISCRIMINATION,0.6667,0.3333,PARTIAL_STEREOSELECTIVITY
9,1,0,0,3.659,0,0,alpha10:58,,,,0.0,1.0,MOLECULAR_RECOGNITION,0.0,1.0,STEREOSPECIFIC
10,0,0,0,0,0,0,,,,,0,1.0,PARTIAL_DISCRIMINATION,0,1.0,PARTIAL_STEREOSELECTIVITY
11,0,0,0,0,0,0,,,,,0,1.0,PARTIAL_DISCRIMINATION,0,1.0,PARTIAL_STEREOSELECTIVITY
12,0,0,0,0,0,0,,,,,0,1.0,PARTIAL_DISCRIMINATION,0,1.0,PARTIAL_STEREOSELECTIVITY
13,1,0,1,0.333,0,0.665,alpha10:116;alpha10:117;alpha10:127;alpha10:128;alpha10:129;alpha10:130;alpha10:144;alpha10:146;alpha10:147;alpha10:84,,alpha10:116;alpha10:117;alpha10:118;alpha10:144;alpha10:148;alpha10:150;alpha10:172;alpha10:82;alpha10:84,,0.0,1.0,MOLECULAR_RECOGNITION,0.2667,0.7333,PARTIAL_STEREOSELECTIVITY
14,1,0,1,1.83,0,3.659,alpha10:117;alpha10:118;alpha10:121;alpha10:123;alpha10:125;alpha10:126;alpha10:127;alpha10:175;alpha9:131;alpha9:133;alpha9:148;alpha9:80,,alpha10:117;alpha10:118;alpha10:121;alpha10:123;alpha10:124;alpha10:125;alpha10:126;alpha10:127;alpha10:175;alpha9:131;alpha9:133;alpha9:148,,0.0,1.0,MOLECULAR_RECOGNITION,0.8462,0.1538,NON_STEREOSPECIFIC
15,1,0,1,1.83,0,3.659,alpha10:122;alpha10:123;alpha10:125;alpha10:151;alpha10:75;alpha9:68,,alpha10:123;alpha10:124;alpha10:125;alpha10:129;alpha10:149;alpha10:151,,0.0,1.0,MOLECULAR_RECOGNITION,0.3333,0.6667,PARTIAL_STEREOSELECTIVITY
16,1,0,1,1.22,0,2.439,alpha10:40;alpha10:41;alpha10:90;alpha9:19;alpha9:23;alpha9:29;alpha9:32,,alpha10:40;alpha10:41;alpha10:90;alpha9:19;alpha9:23;alpha9:29;alpha9:32,,0.0,1.0,MOLECULAR_RECOGNITION,1.0,0.0,NON_STEREOSPECIFIC
17,0,1,0,0,7.209,0,,alpha9:104;alpha9:105;alpha9:106;alpha9:178;alpha9:182;alpha9:47;alpha9:52,,,0.0,1.0,PARTIAL_DISCRIMINATION,0,1.0,PARTIAL_STEREOSELECTIVITY
18,1,1,0,0.305,5.407,0,alpha10:181;alpha10:52;alpha9:101;alpha9:102;alpha9:103;alpha9:104;alpha9:106;alpha9:23,alpha10:177;alpha10:181;alpha10:46;alpha10:51;alpha9:102;alpha9:104;alpha9:105;alpha9:106;alpha9:31,,alpha10:181;alpha9:102;alpha9:104;alpha9:106,0.3077,0.6923,PARTIAL_DISCRIMINATION,0.0,1.0,STEREOSPECIFIC
19,1,1,1,0.915,1.802,1.22,alpha10:101;alpha10:102;alpha10:103;alpha10:104;alpha10:105;alpha10:106;alpha10:177;alpha10:181;alpha10:30;alpha10:44;alpha10:45;alpha10:46;alpha10:51,alpha10:101;alpha10:103;alpha10:104;alpha10:105;alpha10:177;alpha10:181;alpha10:45;alpha10:46;alpha10:51,alpha10:101;alpha10:102;alpha10:103;alpha10:104;alpha10:105;alpha10:177;alpha10:181;alpha10:30;alpha10:45;alpha10:46;alpha10:51;alpha10:52,alpha10:101;alpha10:103;alpha10:104;alpha10:105;alpha10:177;alpha10:181;alpha10:45;alpha10:46;alpha10:51,0.6923,0.3077,CHARGE_DRIVEN,0.7857,0.2143,NON_STEREOSPECIFIC
20,0,0,0,0,0,0,,,,,0,1.0,PARTIAL_DISCRIMINATION,0,1.0,PARTIAL_STEREOSELECTIVITY
21,1,1,1,0.392,3.347,1.568,alpha10:100;alpha10:101;alpha10:102;alpha10:103;alpha10:104;alpha10:105;alpha10:30;alpha9:178;alpha9:179;alpha9:182;alpha9:222;alpha9:46;alpha9:47;alpha9:52,alpha10:103;alpha10:104;alpha10:105;alpha10:30;alpha9:178;alpha9:182;alpha9:47;alpha9:52,alpha10:101;alpha10:102;alpha10:103;alpha10:104;alpha10:105;alpha10:30;alpha9:178;alpha9:182;alpha9:46;alpha9:47;alpha9:49;alpha9:52;alpha9:53,alpha10:103;alpha10:104;alpha10:105;alpha10:30;alpha9:178;alpha9:182;alpha9:47;alpha9:52,0.5714,0.4286,PARTIAL_DISCRIMINATION,0.6875,0.3125,PARTIAL_STEREOSELECTIVITY
22,1,0,1,0.407,0,2.439,alpha9:118;alpha9:120;alpha9:146;alpha9:175;alpha9:176;alpha9:177;alpha9:217;alpha9:219;alpha9:220;alpha9:224;alpha9:82;alpha9:84,,alpha9:118;alpha9:120;alpha9:146;alpha9:175;alpha9:176;alpha9:177;alpha9:217;alpha9:219;alpha9:220;alpha9:222;alpha9:224;alpha9:82;alpha9:84,,0.0,1.0,MOLECULAR_RECOGNITION,0.9231,0.0769,NON_STEREOSPECIFIC
23,1,1,1,1.353,0.296,1.203,alpha10:143;alpha10:145;alpha10:81;alpha10:83;alpha9:120;alpha9:175;alpha9:176;alpha9:217;alpha9:219;alpha9:224,alpha10:1;alpha10:135;alpha10:143;alpha10:145;alpha10:2;alpha10:3;alpha10:4;alpha10:5;alpha10:6;alpha10:7;alpha10:83;alpha9:176;alpha9:177;alpha9:219;alpha9:220,alpha10:143;alpha10:145;alpha10:81;alpha10:83;alpha9:120;alpha9:175;alpha9:176;alpha9:177;alpha9:217;alpha9:219;alpha9:220;alpha9:224,alpha10:143;alpha10:145;alpha10:83;alpha9:176;alpha9:219;alpha9:224,0.2857,0.7143,MOLECULAR_RECOGNITION,0.8333,0.1667,NON_STEREOSPECIFIC
24,0,0,0,0,0,0,,,,,0,1.0,PARTIAL_DISCRIMINATION,0,1.0,PARTIAL_STEREOSELECTIVITY
25,1,1,1,1.652,0.465,1.416,alpha10:119;alpha10:174;alpha10:175;alpha10:176;alpha10:216;alpha10:218;alpha10:223;alpha9:146;alpha9:196;alpha9:63;alpha9:82;alpha9:84,alpha10:175;alpha10:216;alpha10:218;alpha10:219;alpha10:223;alpha9:146;alpha9:82,alpha10:119;alpha10:174;alpha10:175;alpha10:176;alpha10:216;alpha10:218;alpha10:223;alpha9:146;alpha9:196;alpha9:63;alpha9:82;alpha9:84,alpha10:175;alpha10:216;alpha10:218;alpha10:223;alpha9:146;alpha9:82,0.4615,0.5385,PARTIAL_DISCRIMINATION,1.0,0.0,NON_STEREOSPECIFIC
26,1,1,1,0.549,0.721,0.732,alpha10:119;alpha10:145;alpha10:174;alpha10:175;alpha10:214;alpha10:216;alpha10:223;alpha10:81;alpha10:83,alpha10:143;alpha10:145;alpha10:216;alpha10:218;alpha10:219;alpha10:81;alpha10:83,alpha10:119;alpha10:145;alpha10:174;alpha10:175;alpha10:214;alpha10:216;alpha10:218;alpha10:223;alpha10:81;alpha10:83,alpha10:145;alpha10:216;alpha10:81;alpha10:83,0.3333,0.6667,PARTIAL_DISCRIMINATION,0.9,0.1,NON_STEREOSPECIFIC
27,0,0,0,0,0,0,,,,,0,1.0,PARTIAL_DISCRIMINATION,0,1.0,PARTIAL_STEREOSELECTIVITY
28,0,0,0,0,0,0,,,,,0,1.0,PARTIAL_DISCRIMINATION,0,1.0,PARTIAL_STEREOSELECTIVITY
29,0,1,0,0,7.209,0,,alpha10:293;alpha9:204;alpha9:236;alpha9:237,,,0.0,1.0,PARTIAL_DISCRIMINATION,0,1.0,PARTIAL_STEREOSELECTIVITY
30,1,0,0,1.83,0,0,alpha10:153;alpha10:291;alpha10:72;alpha10:73;alpha10:74;alpha9:200;alpha9:201;alpha9:202;alpha9:203;alpha9:67;alpha9:68;alpha9:69;alpha9:70,,,,0.0,1.0,MOLECULAR_RECOGNITION,0.0,1.0,STEREOSPECIFIC
31,0,1,0,0,2.403,0,,alpha10:239;alpha10:242;alpha10:243;alpha10:288;alpha9:287;alpha9:288;alpha9:73,,,0.0,1.0,PARTIAL_DISCRIMINATION,0,1.0,PARTIAL_STEREOSELECTIVITY
32,0,1,0,0,7.209,0,,alpha10:273,,,0.0,1.0,PARTIAL_DISCRIMINATION,0,1.0,PARTIAL_STEREOSELECTIVITY
33,0,1,0,0,7.209,0,,alpha10:280,,,0.0,1.0,PARTIAL_DISCRIMINATION,0,1.0,PARTIAL_STEREOSELECTIVITY
34,1,1,1,0.183,0.18,0.274,alpha10:269;alpha10:273;alpha10:276;alpha9:270;alpha9:274;alpha9:277,alpha10:273;alpha10:276;alpha9:274;alpha9:277,alpha10:269;alpha10:270;alpha10:273;alpha10:276;alpha9:270;alpha9:274;alpha9:277,alpha10:273;alpha10:276;alpha9:274;alpha9:277,0.6667,0.3333,CHARGE_DRIVEN,0.8571,0.1429,NON_STEREOSPECIFIC
35,0,1,1,0,1.74,0.252,,alpha10:276;alpha10:280;alpha9:277;alpha9:281,alpha10:276;alpha10:280;alpha9:277;alpha9:281,,0.0,1.0,PARTIAL_DISCRIMINATION,0.0,1.0,PARTIAL_STEREOSELECTIVITY
36,0,1,0,0,7.209,0,,alpha10:250;alpha10:277;alpha10:281;alpha9:276;alpha9:277;alpha9:280;alpha9:307,,,0.0,1.0,PARTIAL_DISCRIMINATION,0,1.0,PARTIAL_STEREOSELECTIVITY
37,0,0,0,0,0,0,,,,,0,1.0,PARTIAL_DISCRIMINATION,0,1.0,PARTIAL_STEREOSELECTIVITY
38,1,1,0,0.229,0.901,0,alpha10:287;alpha9:285;alpha9:288,alpha10:287;alpha9:288,,alpha10:287;alpha9:288,0.6667,0.3333,CHARGE_DRIVEN,0.0,1.0,STEREOSPECIFIC
39,1,0,1,2.439,0,2.439,alpha10:72;alpha9:288,,alpha9:288,,0.0,1.0,MOLECULAR_RECOGNITION,0.5,0.5,PARTIAL_STEREOSELECTIVITY
40,0,0,0,0,0,0,,,,,0,1.0,PARTIAL_DISCRIMINATION,0,1.0,PARTIAL_STEREOSELECTIVITY
41,0,1,0,0,7.209,0,,alpha10:412;alpha10:416;alpha9:442,,,0.0,1.0,PARTIAL_DISCRIMINATION,0,1.0,PARTIAL_STEREOSELECTIVITY
42,0,1,0,0,7.209,0,,alpha9:362,,,0.0,1.0,PARTIAL_DISCRIMINATION,0,1.0,PARTIAL_STEREOSELECTIVITY
43,0,1,0,0,7.209,0,,alpha9:252;alpha9:255;alpha9:306;alpha9:309;alpha9:310;alpha9:312;alpha9:316;alpha9:462;alpha9:463;alpha9:466;alpha9:467;alpha9:470,,,0.0,1.0,PARTIAL_DISCRIMINATION,0,1.0,PARTIAL_STEREOSELECTIVITY
44,0,1,0,0,7.209,0,,alpha9:305;alpha9:473,,,0.0,1.0,PARTIAL_DISCRIMINATION,0,1.0,PARTIAL_STEREOSELECTIVITY
45,0,1,0,0,7.209,0,,alpha10:449,,,0.0,1.0,PARTIAL_DISCRIMINATION,0,1.0,PARTIAL_STEREOSELECTIVITY
46,0,1,0,0,7.209,0,,alpha9:10;alpha9:14,,,0.0,1.0,PARTIAL_DISCRIMINATION,0,1.0,PARTIAL_STEREOSELECTIVITY
