compound_id,stoichiometry,site_id,binding_energy,n_contacts,h_bonds,salt_bridges,aromatic,hydrophobic,vdw,contact_residues
1,2to3,23,-4.878,0,0,0,0,0,0,
1,2to3,5,-6.522,0,0,0,0,0,0,
1,2to3,21,-6.951,0,0,0,0,0,0,
1,2to3,34,-8.713,0,0,0,0,0,0,
1,2to3,35,-8.672,0,0,0,0,0,0,
1,2to3,18,-6.305,0,0,0,0,0,0,
1,2to3,25,-6.334,0,0,0,0,0,0,
1,2to3,11,-6.922,0,0,0,0,0,0,
2,2to3,23,-5.067,0,0,0,0,0,0,
2,2to3,5,-6.401,0,0,0,0,0,0,
2,2to3,21,-6.695,0,0,0,0,0,0,
2,2to3,34,-8.384,0,0,0,0,0,0,
2,2to3,35,-8.368,0,0,0,0,0,0,
2,2to3,18,-6.595,0,0,0,0,0,0,
2,2to3,25,-6.403,0,0,0,0,0,0,
2,2to3,11,-7.092,0,0,0,0,0,0,
3,2to3,23,-5.955,0,0,0,0,0,0,
3,2to3,5,-7.179,0,0,0,0,0,0,
3,2to3,21,-7.314,0,0,0,0,0,0,
3,2to3,34,-10.036,0,0,0,0,0,0,
3,2to3,35,-10.0,0,0,0,0,0,0,
3,2to3,18,-6.703,0,0,0,0,0,0,
3,2to3,25,-7.048,0,0,0,0,0,0,
3,2to3,11,-7.479,0,0,0,0,0,0,
4,2to3,23,-6.756,0,0,0,0,0,0,
4,2to3,5,-8.643,0,0,0,0,0,0,
4,2to3,21,-7.672,0,0,0,0,0,0,
4,2to3,34,-9.946,0,0,0,0,0,0,
4,2to3,35,-9.964,0,0,0,0,0,0,
4,2to3,18,-7.329,0,0,0,0,0,0,
4,2to3,25,-7.527,0,0,0,0,0,0,
4,2to3,11,-8.916,0,0,0,0,0,0,
5,2to3,23,-5.293,0,0,0,0,0,0,
5,2to3,5,-7.571,0,0,0,0,0,0,
5,2to3,21,-6.939,0,0,0,0,0,0,
5,2to3,34,-9.096,0,0,0,0,0,0,
5,2to3,35,-9.055,0,0,0,0,0,0,
5,2to3,18,-6.621,0,0,0,0,0,0,
5,2to3,25,-7.164,0,0,0,0,0,0,
5,2to3,11,-7.395,0,0,0,0,0,0,
6,2to3,23,-6.303,0,0,0,0,0,0,
6,2to3,5,-8.446,0,0,0,0,0,0,
6,2to3,21,-8.976,0,0,0,0,0,0,
6,2to3,34,-12.276,0,0,0,0,0,0,
6,2to3,35,-11.154,0,0,0,0,0,0,
6,2to3,18,-7.77,0,0,0,0,0,0,
6,2to3,25,-8.267,0,0,0,0,0,0,
6,2to3,11,-9.344,0,0,0,0,0,0,
7,2to3,23,-5.333,0,0,0,0,0,0,
7,2to3,5,-8.541,0,0,0,0,0,0,
7,2to3,21,-7.209,0,0,0,0,0,0,
7,2to3,34,-10.434,0,0,0,0,0,0,
7,2to3,35,-10.444,0,0,0,0,0,0,
7,2to3,18,-7.574,0,0,0,0,0,0,
7,2to3,25,-8.023,0,0,0,0,0,0,
7,2to3,11,-7.794,0,0,0,0,0,0,
8,2to3,23,-5.41,0,0,0,0,0,0,
8,2to3,5,-9.015,0,0,0,0,0,0,
8,2to3,21,-8.156,0,0,0,0,0,0,
8,2to3,34,-10.132,0,0,0,0,0,0,
8,2to3,35,-10.972,0,0,0,0,0,0,
8,2to3,18,-7.22,0,0,0,0,0,0,
8,2to3,25,-7.263,0,0,0,0,0,0,
8,2to3,11,-8.305,0,0,0,0,0,0,
9,2to3,23,-5.884,0,0,0,0,0,0,
9,2to3,5,-8.736,0,0,0,0,0,0,
9,2to3,21,-7.648,0,0,0,0,0,0,
9,2to3,34,-10.565,0,0,0,0,0,0,
9,2to3,35,-9.717,0,0,0,0,0,0,
9,2to3,18,-7.414,0,0,0,0,0,0,
9,2to3,25,-8.142,0,0,0,0,0,0,
9,2to3,11,-8.895,0,0,0,0,0,0,
10,2to3,23,-6.058,0,0,0,0,0,0,
10,2to3,5,-8.229,0,0,0,0,0,0,
10,2to3,21,-8.372,0,0,0,0,0,0,
10,2to3,34,-10.333,0,0,0,0,0,0,
10,2to3,35,-10.307,0,0,0,0,0,0,
10,2to3,18,-7.0,0,0,0,0,0,0,
10,2to3,25,-8.591,0,0,0,0,0,0,
10,2to3,11,-8.52,0,0,0,0,0,0,
11,2to3,23,-6.2,0,0,0,0,0,0,
11,2to3,5,-7.884,0,0,0,0,0,0,
11,2to3,21,-9.084,0,0,0,0,0,0,
11,2to3,34,-11.032,0,0,0,0,0,0,
11,2to3,35,-11.013,0,0,0,0,0,0,
11,2to3,18,-7.975,0,0,0,0,0,0,
11,2to3,25,-8.229,0,0,0,0,0,0,
11,2to3,11,-8.906,0,0,0,0,0,0,
12,2to3,23,-6.194,0,0,0,0,0,0,
12,2to3,5,-8.768,0,0,0,0,0,0,
12,2to3,21,-7.992,0,0,0,0,0,0,
12,2to3,34,-10.054,0,0,0,0,0,0,
12,2to3,35,-10.0,0,0,0,0,0,0,
12,2to3,18,-7.613,0,0,0,0,0,0,
12,2to3,25,-7.417,0,0,0,0,0,0,
12,2to3,11,-8.848,0,0,0,0,0,0,
13,2to3,23,-5.652,0,0,0,0,0,0,
13,2to3,5,-8.274,0,0,0,0,0,0,
13,2to3,21,-6.956,0,0,0,0,0,0,
13,2to3,34,-10.396,0,0,0,0,0,0,
13,2to3,35,-10.396,0,0,0,0,0,0,
13,2to3,18,-7.155,0,0,0,0,0,0,
13,2to3,25,-7.573,0,0,0,0,0,0,
13,2to3,11,-8.421,0,0,0,0,0,0,
14,2to3,23,-7.371,0,0,0,0,0,0,
14,2to3,5,-4.968,0,0,0,0,0,0,
14,2to3,21,-9.698,0,0,0,0,0,0,
14,2to3,34,-12.674,0,0,0,0,0,0,
14,2to3,35,-12.605,0,0,0,0,0,0,
14,2to3,18,-8.765,0,0,0,0,0,0,
14,2to3,25,-9.637,0,0,0,0,0,0,
14,2to3,11,-9.906,0,0,0,0,0,0,
15,2to3,23,-6.434,0,0,0,0,0,0,
15,2to3,5,-9.946,0,0,0,0,0,0,
15,2to3,21,-8.678,0,0,0,0,0,0,
15,2to3,34,-10.059,0,0,0,0,0,0,
15,2to3,35,-10.066,0,0,0,0,0,0,
15,2to3,18,-7.856,0,0,0,0,0,0,
15,2to3,25,-8.428,0,0,0,0,0,0,
15,2to3,11,-8.615,0,0,0,0,0,0,
16,2to3,23,-6.54,0,0,0,0,0,0,
16,2to3,5,-9.624,0,0,0,0,0,0,
16,2to3,21,-8.094,0,0,0,0,0,0,
16,2to3,34,-11.797,0,0,0,0,0,0,
16,2to3,35,-11.798,0,0,0,0,0,0,
16,2to3,18,-8.325,0,0,0,0,0,0,
16,2to3,25,-8.064,0,0,0,0,0,0,
16,2to3,11,-8.67,0,0,0,0,0,0,
17,2to3,23,-5.678,0,0,0,0,0,0,
17,2to3,5,-8.676,0,0,0,0,0,0,
17,2to3,21,-7.729,0,0,0,0,0,0,
17,2to3,34,-9.785,0,0,0,0,0,0,
17,2to3,35,-10.676,0,0,0,0,0,0,
17,2to3,18,-7.91,0,0,0,0,0,0,
17,2to3,25,-8.14,0,0,0,0,0,0,
17,2to3,11,-8.751,0,0,0,0,0,0,
18,2to3,23,-6.438,0,0,0,0,0,0,
18,2to3,5,-8.767,0,0,0,0,0,0,
18,2to3,21,-7.75,0,0,0,0,0,0,
18,2to3,34,-11.062,0,0,0,0,0,0,
18,2to3,35,-11.077,0,0,0,0,0,0,
18,2to3,18,-8.512,0,0,0,0,0,0,
18,2to3,25,-7.881,0,0,0,0,0,0,
18,2to3,11,-8.338,0,0,0,0,0,0,
19,2to3,23,-5.969,0,0,0,0,0,0,
19,2to3,5,-7.936,0,0,0,0,0,0,
19,2to3,21,-7.321,0,0,0,0,0,0,
19,2to3,34,-8.874,0,0,0,0,0,0,
19,2to3,35,-8.708,0,0,0,0,0,0,
19,2to3,18,-6.867,0,0,0,0,0,0,
19,2to3,25,-7.119,0,0,0,0,0,0,
19,2to3,11,-7.539,0,0,0,0,0,0,
20,2to3,23,-5.648,0,0,0,0,0,0,
20,2to3,5,-8.869,0,0,0,0,0,0,
20,2to3,21,-7.152,0,0,0,0,0,0,
20,2to3,34,-9.342,0,0,0,0,0,0,
20,2to3,35,-9.321,0,0,0,0,0,0,
20,2to3,18,-7.619,0,0,0,0,0,0,
20,2to3,25,-7.18,0,0,0,0,0,0,
20,2to3,11,-7.685,0,0,0,0,0,0,
21,2to3,23,-5.631,0,0,0,0,0,0,
21,2to3,5,-8.295,0,0,0,0,0,0,
21,2to3,21,-7.468,0,0,0,0,0,0,
21,2to3,34,-9.328,0,0,0,0,0,0,
21,2to3,35,-9.195,0,0,0,0,0,0,
21,2to3,18,-6.576,0,0,0,0,0,0,
21,2to3,25,-7.996,0,0,0,0,0,0,
21,2to3,11,-8.52,0,0,0,0,0,0,
22,2to3,23,-5.528,0,0,0,0,0,0,
22,2to3,5,-7.125,0,0,0,0,0,0,
22,2to3,21,-7.165,0,0,0,0,0,0,
22,2to3,34,-9.613,0,0,0,0,0,0,
22,2to3,35,-9.572,0,0,0,0,0,0,
22,2to3,18,-7.154,0,0,0,0,0,0,
22,2to3,25,-7.396,0,0,0,0,0,0,
22,2to3,11,-7.779,0,0,0,0,0,0,
23,2to3,23,-5.179,0,0,0,0,0,0,
23,2to3,5,-6.093,0,0,0,0,0,0,
23,2to3,21,-6.403,0,0,0,0,0,0,
23,2to3,34,-8.15,0,0,0,0,0,0,
23,2to3,35,-8.174,0,0,0,0,0,0,
23,2to3,18,-6.146,0,0,0,0,0,0,
23,2to3,25,-5.96,0,0,0,0,0,0,
23,2to3,11,-7.111,0,0,0,0,0,0,
24,2to3,23,-6.042,0,0,0,0,0,0,
24,2to3,5,-8.213,0,0,0,0,0,0,
24,2to3,21,-7.389,0,0,0,0,0,0,
24,2to3,34,-9.753,0,0,0,0,0,0,
24,2to3,35,-9.127,0,0,0,0,0,0,
24,2to3,18,-7.284,0,0,0,0,0,0,
24,2to3,25,-6.65,0,0,0,0,0,0,
24,2to3,11,-7.504,0,0,0,0,0,0,
25,2to3,23,-5.299,0,0,0,0,0,0,
25,2to3,5,-6.437,0,0,0,0,0,0,
25,2to3,21,-6.788,0,0,0,0,0,0,
25,2to3,34,-8.676,0,0,0,0,0,0,
25,2to3,35,-8.706,0,0,0,0,0,0,
25,2to3,18,-6.322,0,0,0,0,0,0,
25,2to3,25,-6.276,0,0,0,0,0,0,
25,2to3,11,-6.973,0,0,0,0,0,0,
26,2to3,23,-4.811,0,0,0,0,0,0,
26,2to3,5,-6.501,0,0,0,0,0,0,
26,2to3,21,-6.682,0,0,0,0,0,0,
26,2to3,34,-8.289,0,0,0,0,0,0,
26,2to3,35,-8.25,0,0,0,0,0,0,
26,2to3,18,-5.856,0,0,0,0,0,0,
26,2to3,25,-6.214,0,0,0,0,0,0,
26,2to3,11,-6.931,0,0,0,0,0,0,
27,2to3,23,-5.367,0,0,0,0,0,0,
27,2to3,5,-8.849,0,0,0,0,0,0,
27,2to3,21,-7.711,0,0,0,0,0,0,
27,2to3,34,-9.75,0,0,0,0,0,0,
27,2to3,35,-9.764,0,0,0,0,0,0,
27,2to3,18,-6.756,0,0,0,0,0,0,
27,2to3,25,-7.397,0,0,0,0,0,0,
27,2to3,11,-7.934,0,0,0,0,0,0,
28,2to3,23,-4.305,0,0,0,0,0,0,
28,2to3,5,-5.798,0,0,0,0,0,0,
28,2to3,21,-6.216,0,0,0,0,0,0,
28,2to3,34,-7.675,0,0,0,0,0,0,
28,2to3,35,-7.54,0,0,0,0,0,0,
28,2to3,18,-5.683,0,0,0,0,0,0,
28,2to3,25,-5.293,0,0,0,0,0,0,
28,2to3,11,-6.35,0,0,0,0,0,0,
29,2to3,23,-4.634,0,0,0,0,0,0,
29,2to3,5,-7.086,0,0,0,0,0,0,
29,2to3,21,-6.601,0,0,0,0,0,0,
29,2to3,34,-8.508,0,0,0,0,0,0,
29,2to3,35,-8.534,0,0,0,0,0,0,
29,2to3,18,-5.788,0,0,0,0,0,0,
29,2to3,25,-6.219,0,0,0,0,0,0,
29,2to3,11,-6.961,0,0,0,0,0,0,
30,2to3,23,-5.72,0,0,0,0,0,0,
30,2to3,5,-8.119,0,0,0,0,0,0,
30,2to3,21,-7.282,0,0,0,0,0,0,
30,2to3,34,-9.06,0,0,0,0,0,0,
30,2to3,35,-9.044,0,0,0,0,0,0,
30,2to3,18,-6.09,0,0,0,0,0,0,
30,2to3,25,-6.978,0,0,0,0,0,0,
30,2to3,11,-7.459,0,0,0,0,0,0,
1,3to2,23,-6.946,0,0,0,0,0,0,
1,3to2,5,-7.304,0,0,0,0,0,0,
1,3to2,21,-6.175,0,0,0,0,0,0,
1,3to2,34,-7.858,0,0,0,0,0,0,
1,3to2,35,-7.875,0,0,0,0,0,0,
1,3to2,18,-6.362,0,0,0,0,0,0,
1,3to2,25,-7.008,0,0,0,0,0,0,
1,3to2,11,-8.016,0,0,0,0,0,0,
2,3to2,23,-6.504,0,0,0,0,0,0,
2,3to2,5,-7.872,0,0,0,0,0,0,
2,3to2,21,-6.279,0,0,0,0,0,0,
2,3to2,34,-8.12,0,0,0,0,0,0,
2,3to2,35,-7.728,0,0,0,0,0,0,
2,3to2,18,-6.27,0,0,0,0,0,0,
2,3to2,25,-6.495,0,0,0,0,0,0,
2,3to2,11,-7.166,0,0,0,0,0,0,
3,3to2,23,-7.716,0,0,0,0,0,0,
3,3to2,5,-8.665,0,0,0,0,0,0,
3,3to2,21,-7.178,0,0,0,0,0,0,
3,3to2,34,-9.239,0,0,0,0,0,0,
3,3to2,35,-9.256,0,0,0,0,0,0,
3,3to2,18,-7.132,0,0,0,0,0,0,
3,3to2,25,-8.006,0,0,0,0,0,0,
3,3to2,11,-8.112,0,0,0,0,0,0,
4,3to2,23,-8.263,0,0,0,0,0,0,
4,3to2,5,-9.652,0,0,0,0,0,0,
4,3to2,21,-8.743,0,0,0,0,0,0,
4,3to2,34,-10.808,0,0,0,0,0,0,
4,3to2,35,-10.792,0,0,0,0,0,0,
4,3to2,18,-7.782,0,0,0,0,0,0,
4,3to2,25,-8.12,0,0,0,0,0,0,
4,3to2,11,-8.414,0,0,0,0,0,0,
5,3to2,23,-7.541,0,0,0,0,0,0,
5,3to2,5,-7.778,0,0,0,0,0,0,
5,3to2,21,-6.522,0,0,0,0,0,0,
5,3to2,34,-9.368,0,0,0,0,0,0,
5,3to2,35,-9.462,0,0,0,0,0,0,
5,3to2,18,-7.416,0,0,0,0,0,0,
5,3to2,25,-7.886,0,0,0,0,0,0,
5,3to2,11,-8.55,0,0,0,0,0,0,
6,3to2,23,-8.618,0,0,0,0,0,0,
6,3to2,5,-8.184,0,0,0,0,0,0,
6,3to2,21,-8.009,0,0,0,0,0,0,
6,3to2,34,-11.682,0,0,0,0,0,0,
6,3to2,35,-11.704,0,0,0,0,0,0,
6,3to2,18,-8.774,0,0,0,0,0,0,
6,3to2,25,-8.829,0,0,0,0,0,0,
6,3to2,11,-8.603,0,0,0,0,0,0,
7,3to2,23,-7.706,0,0,0,0,0,0,
7,3to2,5,-7.985,0,0,0,0,0,0,
7,3to2,21,-7.28,0,0,0,0,0,0,
7,3to2,34,-10.233,0,0,0,0,0,0,
7,3to2,35,-10.272,0,0,0,0,0,0,
7,3to2,18,-7.269,0,0,0,0,0,0,
7,3to2,25,-7.672,0,0,0,0,0,0,
7,3to2,11,-8.695,0,0,0,0,0,0,
8,3to2,23,-7.552,0,0,0,0,0,0,
8,3to2,5,-8.737,0,0,0,0,0,0,
8,3to2,21,-7.162,0,0,0,0,0,0,
8,3to2,34,-9.779,0,0,0,0,0,0,
8,3to2,35,-10.348,0,0,0,0,0,0,
8,3to2,18,-7.624,0,0,0,0,0,0,
8,3to2,25,-7.848,0,0,0,0,0,0,
8,3to2,11,-8.433,0,0,0,0,0,0,
9,3to2,23,-8.638,0,0,0,0,0,0,
9,3to2,5,-8.94,0,0,0,0,0,0,
9,3to2,21,-7.938,0,0,0,0,0,0,
9,3to2,34,-9.913,0,0,0,0,0,0,
9,3to2,35,-9.904,0,0,0,0,0,0,
9,3to2,18,-7.917,0,0,0,0,0,0,
9,3to2,25,-8.479,0,0,0,0,0,0,
9,3to2,11,-9.096,0,0,0,0,0,0,
10,3to2,23,-7.703,0,0,0,0,0,0,
10,3to2,5,-8.779,0,0,0,0,0,0,
10,3to2,21,-7.137,0,0,0,0,0,0,
10,3to2,34,-10.027,0,0,0,0,0,0,
10,3to2,35,-10.786,0,0,0,0,0,0,
10,3to2,18,-7.844,0,0,0,0,0,0,
10,3to2,25,-8.506,0,0,0,0,0,0,
10,3to2,11,-8.32,0,0,0,0,0,0,
11,3to2,23,-9.965,0,0,0,0,0,0,
11,3to2,5,-10.229,0,0,0,0,0,0,
11,3to2,21,-9.775,0,0,0,0,0,0,
11,3to2,34,-12.617,0,0,0,0,0,0,
11,3to2,35,-12.685,0,0,0,0,0,0,
11,3to2,18,-8.582,0,0,0,0,0,0,
11,3to2,25,-9.756,0,0,0,0,0,0,
11,3to2,11,-9.041,0,0,0,0,0,0,
12,3to2,23,-8.382,0,0,0,0,0,0,
12,3to2,5,-8.922,0,0,0,0,0,0,
12,3to2,21,-6.982,0,0,0,0,0,0,
12,3to2,34,-10.07,0,0,0,0,0,0,
12,3to2,35,-10.932,0,0,0,0,0,0,
12,3to2,18,-8.051,0,0,0,0,0,0,
12,3to2,25,-7.726,0,0,0,0,0,0,
12,3to2,11,-9.233,0,0,0,0,0,0,
13,3to2,23,-7.686,0,0,0,0,0,0,
13,3to2,5,-8.463,0,0,0,0,0,0,
13,3to2,21,-7.334,0,0,0,0,0,0,
13,3to2,34,-9.493,0,0,0,0,0,0,
13,3to2,35,-9.356,0,0,0,0,0,0,
13,3to2,18,-7.65,0,0,0,0,0,0,
13,3to2,25,-7.863,0,0,0,0,0,0,
13,3to2,11,-8.197,0,0,0,0,0,0,
14,3to2,23,-9.62,0,0,0,0,0,0,
14,3to2,5,-10.027,0,0,0,0,0,0,
14,3to2,21,-9.741,0,0,0,0,0,0,
14,3to2,34,-12.363,0,0,0,0,0,0,
14,3to2,35,-12.329,0,0,0,0,0,0,
14,3to2,18,-9.051,0,0,0,0,0,0,
14,3to2,25,-9.2,0,0,0,0,0,0,
14,3to2,11,-9.246,0,0,0,0,0,0,
15,3to2,23,-8.82,0,0,0,0,0,0,
15,3to2,5,-9.37,0,0,0,0,0,0,
15,3to2,21,-8.384,0,0,0,0,0,0,
15,3to2,34,-10.816,0,0,0,0,0,0,
15,3to2,35,-10.839,0,0,0,0,0,0,
15,3to2,18,-8.171,0,0,0,0,0,0,
15,3to2,25,-8.067,0,0,0,0,0,0,
15,3to2,11,-10.054,0,0,0,0,0,0,
16,3to2,23,-8.241,0,0,0,0,0,0,
16,3to2,5,-9.247,0,0,0,0,0,0,
16,3to2,21,-8.067,0,0,0,0,0,0,
16,3to2,34,-10.06,0,0,0,0,0,0,
16,3to2,35,-10.623,0,0,0,0,0,0,
16,3to2,18,-8.013,0,0,0,0,0,0,
16,3to2,25,-8.181,0,0,0,0,0,0,
16,3to2,11,-8.45,0,0,0,0,0,0,
17,3to2,23,-8.028,0,0,0,0,0,0,
17,3to2,5,-7.814,0,0,0,0,0,0,
17,3to2,21,-7.804,0,0,0,0,0,0,
17,3to2,34,-9.921,0,0,0,0,0,0,
17,3to2,35,-10.073,0,0,0,0,0,0,
17,3to2,18,-7.577,0,0,0,0,0,0,
17,3to2,25,-7.391,0,0,0,0,0,0,
17,3to2,11,-8.784,0,0,0,0,0,0,
18,3to2,23,-8.33,0,0,0,0,0,0,
18,3to2,5,-9.27,0,0,0,0,0,0,
18,3to2,21,-7.609,0,0,0,0,0,0,
18,3to2,34,-10.192,0,0,0,0,0,0,
18,3to2,35,-10.223,0,0,0,0,0,0,
18,3to2,18,-7.957,0,0,0,0,0,0,
18,3to2,25,-8.48,0,0,0,0,0,0,
18,3to2,11,-9.451,0,0,0,0,0,0,
19,3to2,23,-7.304,0,0,0,0,0,0,
19,3to2,5,-9.216,0,0,0,0,0,0,
19,3to2,21,-6.935,0,0,0,0,0,0,
19,3to2,34,-9.292,0,0,0,0,0,0,
19,3to2,35,-9.241,0,0,0,0,0,0,
19,3to2,18,-7.134,0,0,0,0,0,0,
19,3to2,25,-7.321,0,0,0,0,0,0,
19,3to2,11,-8.784,0,0,0,0,0,0,
20,3to2,23,-7.541,0,0,0,0,0,0,
20,3to2,5,-8.249,0,0,0,0,0,0,
20,3to2,21,-7.277,0,0,0,0,0,0,
20,3to2,34,-10.108,0,0,0,0,0,0,
20,3to2,35,-10.432,0,0,0,0,0,0,
20,3to2,18,-6.842,0,0,0,0,0,0,
20,3to2,25,-7.603,0,0,0,0,0,0,
20,3to2,11,-9.028,0,0,0,0,0,0,
21,3to2,23,-7.809,0,0,0,0,0,0,
21,3to2,5,-8.994,0,0,0,0,0,0,
21,3to2,21,-7.511,0,0,0,0,0,0,
21,3to2,34,-9.389,0,0,0,0,0,0,
21,3to2,35,-9.408,0,0,0,0,0,0,
21,3to2,18,-7.462,0,0,0,0,0,0,
21,3to2,25,-7.507,0,0,0,0,0,0,
21,3to2,11,-8.857,0,0,0,0,0,0,
22,3to2,23,-7.017,0,0,0,0,0,0,
22,3to2,5,-7.978,0,0,0,0,0,0,
22,3to2,21,-6.863,0,0,0,0,0,0,
22,3to2,34,-8.754,0,0,0,0,0,0,
22,3to2,35,-8.8,0,0,0,0,0,0,
22,3to2,18,-7.06,0,0,0,0,0,0,
22,3to2,25,-7.375,0,0,0,0,0,0,
22,3to2,11,-8.628,0,0,0,0,0,0,
23,3to2,23,-6.789,0,0,0,0,0,0,
23,3to2,5,-7.566,0,0,0,0,0,0,
23,3to2,21,-6.368,0,0,0,0,0,0,
23,3to2,34,-7.716,0,0,0,0,0,0,
23,3to2,35,-7.711,0,0,0,0,0,0,
23,3to2,18,-6.334,0,0,0,0,0,0,
23,3to2,25,-6.832,0,0,0,0,0,0,
23,3to2,11,-7.704,0,0,0,0,0,0,
24,3to2,23,-7.674,0,0,0,0,0,0,
24,3to2,5,-8.092,0,0,0,0,0,0,
24,3to2,21,-6.855,0,0,0,0,0,0,
24,3to2,34,-8.496,0,0,0,0,0,0,
24,3to2,35,-9.062,0,0,0,0,0,0,
24,3to2,18,-7.463,0,0,0,0,0,0,
24,3to2,25,-7.509,0,0,0,0,0,0,
24,3to2,11,-8.361,0,0,0,0,0,0,
25,3to2,23,-6.481,0,0,0,0,0,0,
25,3to2,5,-7.397,0,0,0,0,0,0,
25,3to2,21,-6.12,0,0,0,0,0,0,
25,3to2,34,-7.951,0,0,0,0,0,0,
25,3to2,35,-7.96,0,0,0,0,0,0,
25,3to2,18,-6.353,0,0,0,0,0,0,
25,3to2,25,-6.523,0,0,0,0,0,0,
25,3to2,11,-7.758,0,0,0,0,0,0,
26,3to2,23,-6.834,0,0,0,0,0,0,
26,3to2,5,-7.289,0,0,0,0,0,0,
26,3to2,21,-6.239,0,0,0,0,0,0,
26,3to2,34,-7.709,0,0,0,0,0,0,
26,3to2,35,-7.718,0,0,0,0,0,0,
26,3to2,18,-6.241,0,0,0,0,0,0,
26,3to2,25,-6.857,0,0,0,0,0,0,
26,3to2,11,-7.419,0,0,0,0,0,0,
27,3to2,23,-8.355,0,0,0,0,0,0,
27,3to2,5,-8.963,0,0,0,0,0,0,
27,3to2,21,-7.044,0,0,0,0,0,0,
27,3to2,34,-9.716,0,0,0,0,0,0,
27,3to2,35,-9.735,0,0,0,0,0,0,
27,3to2,18,-7.366,0,0,0,0,0,0,
27,3to2,25,-8.175,0,0,0,0,0,0,
27,3to2,11,-8.802,0,0,0,0,0,0,
28,3to2,23,-6.302,0,0,0,0,0,0,
28,3to2,5,-6.849,0,0,0,0,0,0,
28,3to2,21,-5.495,0,0,0,0,0,0,
28,3to2,34,-7.03,0,0,0,0,0,0,
28,3to2,35,-7.032,0,0,0,0,0,0,
28,3to2,18,-5.543,0,0,0,0,0,0,
28,3to2,25,-6.313,0,0,0,0,0,0,
28,3to2,11,-6.474,0,0,0,0,0,0,
29,3to2,23,-6.628,0,0,0,0,0,0,
29,3to2,5,-7.353,0,0,0,0,0,0,
29,3to2,21,-5.951,0,0,0,0,0,0,
29,3to2,34,-7.517,0,0,0,0,0,0,
29,3to2,35,-7.685,0,0,0,0,0,0,
29,3to2,18,-6.198,0,0,0,0,0,0,
29,3to2,25,-6.605,0,0,0,0,0,0,
29,3to2,11,-6.903,0,0,0,0,0,0,
30,3to2,23,-7.566,0,0,0,0,0,0,
30,3to2,5,-7.615,0,0,0,0,0,0,
30,3to2,21,-6.744,0,0,0,0,0,0,
30,3to2,34,-9.15,0,0,0,0,0,0,
30,3to2,35,-9.351,0,0,0,0,0,0,
30,3to2,18,-6.817,0,0,0,0,0,0,
30,3to2,25,-7.676,0,0,0,0,0,0,
30,3to2,11,-7.661,0,0,0,0,0,0,
